country_code,country,period,foreign_nights,status,year,month,value_available,is_estimated,is_low_reliability,is_confidential,date,months_available,complete_12_month_year
AT,Austria,2021-01,148315.0,,2021,1,True,,,False,2021-01-01,12,True
AT,Austria,2021-02,172759.0,,2021,2,True,,,False,2021-02-01,12,True
AT,Austria,2021-03,207381.0,,2021,3,True,,,False,2021-03-01,12,True
AT,Austria,2021-04,200806.0,,2021,4,True,,,False,2021-04-01,12,True
AT,Austria,2021-05,994223.0,,2021,5,True,,,False,2021-05-01,12,True
AT,Austria,2021-06,3166335.0,,2021,6,True,,,False,2021-06-01,12,True
AT,Austria,2021-07,7891186.0,,2021,7,True,,,False,2021-07-01,12,True
AT,Austria,2021-08,11484510.0,,2021,8,True,,,False,2021-08-01,12,True
AT,Austria,2021-09,6426122.0,,2021,9,True,,,False,2021-09-01,12,True
AT,Austria,2021-10,4165235.0,,2021,10,True,,,False,2021-10-01,12,True
AT,Austria,2021-11,1533778.0,,2021,11,True,,,False,2021-11-01,12,True
AT,Austria,2021-12,3643624.0,,2021,12,True,,,False,2021-12-01,12,True
AT,Austria,2022-01,6090845.0,,2022,1,True,,,False,2022-01-01,12,True
AT,Austria,2022-02,7735795.0,,2022,2,True,,,False,2022-02-01,12,True
AT,Austria,2022-03,7588741.0,,2022,3,True,,,False,2022-03-01,12,True
AT,Austria,2022-04,4309040.0,,2022,4,True,,,False,2022-04-01,12,True
AT,Austria,2022-05,3460216.0,,2022,5,True,,,False,2022-05-01,12,True
AT,Austria,2022-06,6647362.0,,2022,6,True,,,False,2022-06-01,12,True
AT,Austria,2022-07,10486990.0,,2022,7,True,,,False,2022-07-01,12,True
AT,Austria,2022-08,12311107.0,,2022,8,True,,,False,2022-08-01,12,True
AT,Austria,2022-09,6778047.0,,2022,9,True,,,False,2022-09-01,12,True
AT,Austria,2022-10,4649235.0,,2022,10,True,,,False,2022-10-01,12,True
AT,Austria,2022-11,2495853.0,,2022,11,True,,,False,2022-11-01,12,True
AT,Austria,2022-12,6916979.0,,2022,12,True,,,False,2022-12-01,12,True
AT,Austria,2023-01,9708931.0,,2023,1,True,,,False,2023-01-01,12,True
AT,Austria,2023-02,10750242.0,,2023,2,True,,,False,2023-02-01,12,True
AT,Austria,2023-03,8157242.0,,2023,3,True,,,False,2023-03-01,12,True
AT,Austria,2023-04,4860010.0,,2023,4,True,,,False,2023-04-01,12,True
AT,Austria,2023-05,4392966.0,,2023,5,True,,,False,2023-05-01,12,True
AT,Austria,2023-06,7249261.0,,2023,6,True,,,False,2023-06-01,12,True
AT,Austria,2023-07,11263618.0,,2023,7,True,,,False,2023-07-01,12,True
AT,Austria,2023-08,12292324.0,,2023,8,True,,,False,2023-08-01,12,True
AT,Austria,2023-09,7278821.0,,2023,9,True,,,False,2023-09-01,12,True
AT,Austria,2023-10,4953698.0,,2023,10,True,,,False,2023-10-01,12,True
AT,Austria,2023-11,2705888.0,,2023,11,True,,,False,2023-11-01,12,True
AT,Austria,2023-12,7410500.0,,2023,12,True,,,False,2023-12-01,12,True
AT,Austria,2024-01,10070604.0,,2024,1,True,,,False,2024-01-01,12,True
AT,Austria,2024-02,11524238.0,,2024,2,True,,,False,2024-02-01,12,True
AT,Austria,2024-03,8910281.0,,2024,3,True,,,False,2024-03-01,12,True
AT,Austria,2024-04,3731533.0,,2024,4,True,,,False,2024-04-01,12,True
AT,Austria,2024-05,5311246.0,,2024,5,True,,,False,2024-05-01,12,True
AT,Austria,2024-06,6749473.0,,2024,6,True,,,False,2024-06-01,12,True
AT,Austria,2024-07,11349081.0,,2024,7,True,,,False,2024-07-01,12,True
AT,Austria,2024-08,12870702.0,,2024,8,True,,,False,2024-08-01,12,True
AT,Austria,2024-09,6870781.0,,2024,9,True,,,False,2024-09-01,12,True
AT,Austria,2024-10,5304196.0,,2024,10,True,,,False,2024-10-01,12,True
AT,Austria,2024-11,2910919.0,,2024,11,True,,,False,2024-11-01,12,True
AT,Austria,2024-12,8406059.0,,2024,12,True,,,False,2024-12-01,12,True
AT,Austria,2025-01,10516530.0,,2025,1,True,,,False,2025-01-01,12,True
AT,Austria,2025-02,10515415.0,,2025,2,True,,,False,2025-02-01,12,True
AT,Austria,2025-03,8228577.0,,2025,3,True,,,False,2025-03-01,12,True
AT,Austria,2025-04,5004213.0,,2025,4,True,,,False,2025-04-01,12,True
AT,Austria,2025-05,4599072.0,,2025,5,True,,,False,2025-05-01,12,True
AT,Austria,2025-06,8036584.0,,2025,6,True,,,False,2025-06-01,12,True
AT,Austria,2025-07,11352628.0,,2025,7,True,,,False,2025-07-01,12,True
AT,Austria,2025-08,13151258.0,,2025,8,True,,,False,2025-08-01,12,True
AT,Austria,2025-09,7535814.0,,2025,9,True,,,False,2025-09-01,12,True
AT,Austria,2025-10,5510330.0,,2025,10,True,,,False,2025-10-01,12,True
AT,Austria,2025-11,3216069.0,,2025,11,True,,,False,2025-11-01,12,True
AT,Austria,2025-12,9353904.0,,2025,12,True,,,False,2025-12-01,12,True
AT,Austria,2026-01,10876566.0,,2026,1,True,,,False,2026-01-01,6,False
AT,Austria,2026-02,11496876.0,,2026,2,True,,,False,2026-02-01,6,False
AT,Austria,2026-03,7755081.0,,2026,3,True,,,False,2026-03-01,6,False
AT,Austria,2026-04,4731357.0,,2026,4,True,,,False,2026-04-01,6,False
AT,Austria,2026-05,5526049.0,,2026,5,True,,,False,2026-05-01,6,False
AT,Austria,2026-06,7601813.0,,2026,6,True,,,False,2026-06-01,6,False
AT,Austria,2026-07,,,2026,7,False,,,False,2026-07-01,6,False
BE,Belgium,2021-01,114642.0,,2021,1,True,,,False,2021-01-01,12,True
BE,Belgium,2021-02,125587.0,,2021,2,True,,,False,2021-02-01,12,True
BE,Belgium,2021-03,162144.0,,2021,3,True,,,False,2021-03-01,12,True
BE,Belgium,2021-04,203250.0,,2021,4,True,,,False,2021-04-01,12,True
BE,Belgium,2021-05,339568.0,,2021,5,True,,,False,2021-05-01,12,True
BE,Belgium,2021-06,457744.0,,2021,6,True,,,False,2021-06-01,12,True
BE,Belgium,2021-07,977896.0,,2021,7,True,,,False,2021-07-01,12,True
BE,Belgium,2021-08,1458104.0,,2021,8,True,,,False,2021-08-01,12,True
BE,Belgium,2021-09,990714.0,,2021,9,True,,,False,2021-09-01,12,True
BE,Belgium,2021-10,1366760.0,,2021,10,True,,,False,2021-10-01,12,True
BE,Belgium,2021-11,839649.0,,2021,11,True,,,False,2021-11-01,12,True
BE,Belgium,2021-12,814904.0,,2021,12,True,,,False,2021-12-01,12,True
BE,Belgium,2022-01,713901.0,,2022,1,True,,,False,2022-01-01,12,True
BE,Belgium,2022-02,860443.0,,2022,2,True,,,False,2022-02-01,12,True
BE,Belgium,2022-03,1073218.0,,2022,3,True,,,False,2022-03-01,12,True
BE,Belgium,2022-04,1628424.0,,2022,4,True,,,False,2022-04-01,12,True
BE,Belgium,2022-05,1790429.0,,2022,5,True,,,False,2022-05-01,12,True
BE,Belgium,2022-06,1842625.0,,2022,6,True,,,False,2022-06-01,12,True
BE,Belgium,2022-07,2390601.0,,2022,7,True,,,False,2022-07-01,12,True
BE,Belgium,2022-08,2695684.0,,2022,8,True,,,False,2022-08-01,12,True
BE,Belgium,2022-09,1733543.0,,2022,9,True,,,False,2022-09-01,12,True
BE,Belgium,2022-10,1894688.0,,2022,10,True,,,False,2022-10-01,12,True
BE,Belgium,2022-11,1287984.0,,2022,11,True,,,False,2022-11-01,12,True
BE,Belgium,2022-12,1466241.0,,2022,12,True,,,False,2022-12-01,12,True
BE,Belgium,2023-01,1077171.0,,2023,1,True,,,False,2023-01-01,12,True
BE,Belgium,2023-02,1207353.0,,2023,2,True,,,False,2023-02-01,12,True
BE,Belgium,2023-03,1412023.0,,2023,3,True,,,False,2023-03-01,12,True
BE,Belgium,2023-04,2015850.0,,2023,4,True,,,False,2023-04-01,12,True
BE,Belgium,2023-05,2039161.0,,2023,5,True,,,False,2023-05-01,12,True
BE,Belgium,2023-06,1984678.0,,2023,6,True,,,False,2023-06-01,12,True
BE,Belgium,2023-07,2495414.0,,2023,7,True,,,False,2023-07-01,12,True
BE,Belgium,2023-08,2737565.0,,2023,8,True,,,False,2023-08-01,12,True
BE,Belgium,2023-09,1882443.0,,2023,9,True,,,False,2023-09-01,12,True
BE,Belgium,2023-10,1951903.0,,2023,10,True,,,False,2023-10-01,12,True
BE,Belgium,2023-11,1286427.0,,2023,11,True,,,False,2023-11-01,12,True
BE,Belgium,2023-12,1504437.0,,2023,12,True,,,False,2023-12-01,12,True
BE,Belgium,2024-01,1084449.0,,2024,1,True,,,False,2024-01-01,12,True
BE,Belgium,2024-02,1284944.0,,2024,2,True,,,False,2024-02-01,12,True
BE,Belgium,2024-03,1652338.0,,2024,3,True,,,False,2024-03-01,12,True
BE,Belgium,2024-04,1768917.0,,2024,4,True,,,False,2024-04-01,12,True
BE,Belgium,2024-05,2212942.0,,2024,5,True,,,False,2024-05-01,12,True
BE,Belgium,2024-06,1984763.0,,2024,6,True,,,False,2024-06-01,12,True
BE,Belgium,2024-07,2574867.0,,2024,7,True,,,False,2024-07-01,12,True
BE,Belgium,2024-08,2886067.0,,2024,8,True,,,False,2024-08-01,12,True
BE,Belgium,2024-09,1860574.0,,2024,9,True,,,False,2024-09-01,12,True
BE,Belgium,2024-10,1950214.0,,2024,10,True,,,False,2024-10-01,12,True
BE,Belgium,2024-11,1419376.0,,2024,11,True,,,False,2024-11-01,12,True
BE,Belgium,2024-12,1599838.0,,2024,12,True,,,False,2024-12-01,12,True
BE,Belgium,2025-01,1116123.0,,2025,1,True,,,False,2025-01-01,12,True
BE,Belgium,2025-02,1319375.0,,2025,2,True,,,False,2025-02-01,12,True
BE,Belgium,2025-03,1451742.0,,2025,3,True,,,False,2025-03-01,12,True
BE,Belgium,2025-04,2168092.0,,2025,4,True,,,False,2025-04-01,12,True
BE,Belgium,2025-05,2221062.0,,2025,5,True,,,False,2025-05-01,12,True
BE,Belgium,2025-06,2256105.0,,2025,6,True,,,False,2025-06-01,12,True
BE,Belgium,2025-07,2709316.0,,2025,7,True,,,False,2025-07-01,12,True
BE,Belgium,2025-08,2982358.0,,2025,8,True,,,False,2025-08-01,12,True
BE,Belgium,2025-09,1900698.0,,2025,9,True,,,False,2025-09-01,12,True
BE,Belgium,2025-10,2098360.0,,2025,10,True,,,False,2025-10-01,12,True
BE,Belgium,2025-11,1428780.0,,2025,11,True,,,False,2025-11-01,12,True
BE,Belgium,2025-12,1708807.0,,2025,12,True,,,False,2025-12-01,12,True
BE,Belgium,2026-01,1113217.0,,2026,1,True,,,False,2026-01-01,6,False
BE,Belgium,2026-02,1245971.0,,2026,2,True,,,False,2026-02-01,6,False
BE,Belgium,2026-03,1512277.0,,2026,3,True,,,False,2026-03-01,6,False
BE,Belgium,2026-04,2124241.0,,2026,4,True,,,False,2026-04-01,6,False
BE,Belgium,2026-05,2274371.0,u,2026,5,True,False,True,False,2026-05-01,6,False
BE,Belgium,2026-06,1997487.0,u,2026,6,True,False,True,False,2026-06-01,6,False
BE,Belgium,2026-07,,,2026,7,False,,,False,2026-07-01,6,False
BG,Bulgaria,2021-01,,|C,2021,1,False,False,False,True,2021-01-01,6,False
BG,Bulgaria,2021-02,,|C,2021,2,False,False,False,True,2021-02-01,6,False
BG,Bulgaria,2021-03,,|C,2021,3,False,False,False,True,2021-03-01,6,False
BG,Bulgaria,2021-04,,|C,2021,4,False,False,False,True,2021-04-01,6,False
BG,Bulgaria,2021-05,,|C,2021,5,False,False,False,True,2021-05-01,6,False
BG,Bulgaria,2021-06,741963.0,,2021,6,True,,,False,2021-06-01,6,False
BG,Bulgaria,2021-07,2246684.0,,2021,7,True,,,False,2021-07-01,6,False
BG,Bulgaria,2021-08,3023353.0,,2021,8,True,,,False,2021-08-01,6,False
BG,Bulgaria,2021-09,1014463.0,,2021,9,True,,,False,2021-09-01,6,False
BG,Bulgaria,2021-10,,|C,2021,10,False,False,False,True,2021-10-01,6,False
BG,Bulgaria,2021-11,118829.0,,2021,11,True,,,False,2021-11-01,6,False
BG,Bulgaria,2021-12,155495.0,,2021,12,True,,,False,2021-12-01,6,False
BG,Bulgaria,2022-01,,|C,2022,1,False,False,False,True,2022-01-01,6,False
BG,Bulgaria,2022-02,,|C,2022,2,False,False,False,True,2022-02-01,6,False
BG,Bulgaria,2022-03,,|C,2022,3,False,False,False,True,2022-03-01,6,False
BG,Bulgaria,2022-04,284702.0,,2022,4,True,,,False,2022-04-01,6,False
BG,Bulgaria,2022-05,606032.0,,2022,5,True,,,False,2022-05-01,6,False
BG,Bulgaria,2022-06,1698165.0,,2022,6,True,,,False,2022-06-01,6,False
BG,Bulgaria,2022-07,3309842.0,,2022,7,True,,,False,2022-07-01,6,False
BG,Bulgaria,2022-08,3841491.0,,2022,8,True,,,False,2022-08-01,6,False
BG,Bulgaria,2022-09,1422314.0,,2022,9,True,,,False,2022-09-01,6,False
BG,Bulgaria,2022-10,,|C,2022,10,False,False,False,True,2022-10-01,6,False
BG,Bulgaria,2022-11,,|C,2022,11,False,False,False,True,2022-11-01,6,False
BG,Bulgaria,2022-12,,|C,2022,12,False,False,False,True,2022-12-01,6,False
BG,Bulgaria,2023-01,,|C,2023,1,False,False,False,True,2023-01-01,5,False
BG,Bulgaria,2023-02,,|C,2023,2,False,False,False,True,2023-02-01,5,False
BG,Bulgaria,2023-03,,|C,2023,3,False,False,False,True,2023-03-01,5,False
BG,Bulgaria,2023-04,,|C,2023,4,False,False,False,True,2023-04-01,5,False
BG,Bulgaria,2023-05,,|C,2023,5,False,False,False,True,2023-05-01,5,False
BG,Bulgaria,2023-06,2197793.0,,2023,6,True,,,False,2023-06-01,5,False
BG,Bulgaria,2023-07,3659499.0,,2023,7,True,,,False,2023-07-01,5,False
BG,Bulgaria,2023-08,3985259.0,,2023,8,True,,,False,2023-08-01,5,False
BG,Bulgaria,2023-09,1717128.0,,2023,9,True,,,False,2023-09-01,5,False
BG,Bulgaria,2023-10,364750.0,,2023,10,True,,,False,2023-10-01,5,False
BG,Bulgaria,2023-11,,|C,2023,11,False,False,False,True,2023-11-01,5,False
BG,Bulgaria,2023-12,,|C,2023,12,False,False,False,True,2023-12-01,5,False
BG,Bulgaria,2024-01,421864.0,,2024,1,True,,,False,2024-01-01,12,True
BG,Bulgaria,2024-02,440121.0,,2024,2,True,,,False,2024-02-01,12,True
BG,Bulgaria,2024-03,341863.0,,2024,3,True,,,False,2024-03-01,12,True
BG,Bulgaria,2024-04,284915.0,,2024,4,True,,,False,2024-04-01,12,True
BG,Bulgaria,2024-05,686223.0,,2024,5,True,,,False,2024-05-01,12,True
BG,Bulgaria,2024-06,2307575.0,,2024,6,True,,,False,2024-06-01,12,True
BG,Bulgaria,2024-07,3831548.0,,2024,7,True,,,False,2024-07-01,12,True
BG,Bulgaria,2024-08,4036459.0,,2024,8,True,,,False,2024-08-01,12,True
BG,Bulgaria,2024-09,1822192.0,,2024,9,True,,,False,2024-09-01,12,True
BG,Bulgaria,2024-10,363990.0,,2024,10,True,,,False,2024-10-01,12,True
BG,Bulgaria,2024-11,233456.0,,2024,11,True,,,False,2024-11-01,12,True
BG,Bulgaria,2024-12,287839.0,,2024,12,True,,,False,2024-12-01,12,True
BG,Bulgaria,2025-01,486404.0,,2025,1,True,,,False,2025-01-01,12,True
BG,Bulgaria,2025-02,452385.0,,2025,2,True,,,False,2025-02-01,12,True
BG,Bulgaria,2025-03,367687.0,,2025,3,True,,,False,2025-03-01,12,True
BG,Bulgaria,2025-04,356982.0,,2025,4,True,,,False,2025-04-01,12,True
BG,Bulgaria,2025-05,724742.0,,2025,5,True,,,False,2025-05-01,12,True
BG,Bulgaria,2025-06,2627422.0,,2025,6,True,,,False,2025-06-01,12,True
BG,Bulgaria,2025-07,3936687.0,,2025,7,True,,,False,2025-07-01,12,True
BG,Bulgaria,2025-08,4180073.0,,2025,8,True,,,False,2025-08-01,12,True
BG,Bulgaria,2025-09,1914968.0,,2025,9,True,,,False,2025-09-01,12,True
BG,Bulgaria,2025-10,427671.0,,2025,10,True,,,False,2025-10-01,12,True
BG,Bulgaria,2025-11,290269.0,,2025,11,True,,,False,2025-11-01,12,True
BG,Bulgaria,2025-12,317996.0,,2025,12,True,,,False,2025-12-01,12,True
BG,Bulgaria,2026-01,481916.0,,2026,1,True,,,False,2026-01-01,6,False
BG,Bulgaria,2026-02,444702.0,,2026,2,True,,,False,2026-02-01,6,False
BG,Bulgaria,2026-03,323608.0,,2026,3,True,,,False,2026-03-01,6,False
BG,Bulgaria,2026-04,309495.0,,2026,4,True,,,False,2026-04-01,6,False
BG,Bulgaria,2026-05,771425.0,,2026,5,True,,,False,2026-05-01,6,False
BG,Bulgaria,2026-06,2484922.0,,2026,6,True,,,False,2026-06-01,6,False
BG,Bulgaria,2026-07,,,2026,7,False,,,False,2026-07-01,6,False
HR,Croatia,2021-01,75613.0,,2021,1,True,,,False,2021-01-01,12,True
HR,Croatia,2021-02,78886.0,,2021,2,True,,,False,2021-02-01,12,True
HR,Croatia,2021-03,175460.0,,2021,3,True,,,False,2021-03-01,12,True
HR,Croatia,2021-04,395577.0,,2021,4,True,,,False,2021-04-01,12,True
HR,Croatia,2021-05,1193314.0,,2021,5,True,,,False,2021-05-01,12,True
HR,Croatia,2021-06,5662807.0,,2021,6,True,,,False,2021-06-01,12,True
HR,Croatia,2021-07,19223756.0,,2021,7,True,,,False,2021-07-01,12,True
HR,Croatia,2021-08,23961279.0,,2021,8,True,,,False,2021-08-01,12,True
HR,Croatia,2021-09,9604002.0,,2021,9,True,,,False,2021-09-01,12,True
HR,Croatia,2021-10,1809636.0,,2021,10,True,,,False,2021-10-01,12,True
HR,Croatia,2021-11,337222.0,,2021,11,True,,,False,2021-11-01,12,True
HR,Croatia,2021-12,326612.0,,2021,12,True,,,False,2021-12-01,12,True
HR,Croatia,2022-01,260073.0,,2022,1,True,,,False,2022-01-01,12,True
HR,Croatia,2022-02,334354.0,,2022,2,True,,,False,2022-02-01,12,True
HR,Croatia,2022-03,558047.0,,2022,3,True,,,False,2022-03-01,12,True
HR,Croatia,2022-04,2096737.0,,2022,4,True,,,False,2022-04-01,12,True
HR,Croatia,2022-05,3700136.0,,2022,5,True,,,False,2022-05-01,12,True
HR,Croatia,2022-06,12165228.0,,2022,6,True,,,False,2022-06-01,12,True
HR,Croatia,2022-07,23683180.0,,2022,7,True,,,False,2022-07-01,12,True
HR,Croatia,2022-08,25527638.0,,2022,8,True,,,False,2022-08-01,12,True
HR,Croatia,2022-09,10530707.0,,2022,9,True,,,False,2022-09-01,12,True
HR,Croatia,2022-10,2406269.0,,2022,10,True,,,False,2022-10-01,12,True
HR,Croatia,2022-11,526131.0,,2022,11,True,,,False,2022-11-01,12,True
HR,Croatia,2022-12,490228.0,,2022,12,True,,,False,2022-12-01,12,True
HR,Croatia,2023-01,348698.0,,2023,1,True,,,False,2023-01-01,12,True
HR,Croatia,2023-02,389503.0,,2023,2,True,,,False,2023-02-01,12,True
HR,Croatia,2023-03,681783.0,,2023,3,True,,,False,2023-03-01,12,True
HR,Croatia,2023-04,2546768.0,,2023,4,True,,,False,2023-04-01,12,True
HR,Croatia,2023-05,5002319.0,,2023,5,True,,,False,2023-05-01,12,True
HR,Croatia,2023-06,12279514.0,,2023,6,True,,,False,2023-06-01,12,True
HR,Croatia,2023-07,23423445.0,,2023,7,True,,,False,2023-07-01,12,True
HR,Croatia,2023-08,24875605.0,,2023,8,True,,,False,2023-08-01,12,True
HR,Croatia,2023-09,10924217.0,,2023,9,True,,,False,2023-09-01,12,True
HR,Croatia,2023-10,2724865.0,,2023,10,True,,,False,2023-10-01,12,True
HR,Croatia,2023-11,524968.0,,2023,11,True,,,False,2023-11-01,12,True
HR,Croatia,2023-12,536298.0,,2023,12,True,,,False,2023-12-01,12,True
HR,Croatia,2024-01,343155.0,,2024,1,True,,,False,2024-01-01,12,True
HR,Croatia,2024-02,415427.0,,2024,2,True,,,False,2024-02-01,12,True
HR,Croatia,2024-03,975143.0,,2024,3,True,,,False,2024-03-01,12,True
HR,Croatia,2024-04,2309075.0,,2024,4,True,,,False,2024-04-01,12,True
HR,Croatia,2024-05,6284270.0,,2024,5,True,,,False,2024-05-01,12,True
HR,Croatia,2024-06,11612576.0,,2024,6,True,,,False,2024-06-01,12,True
HR,Croatia,2024-07,23425247.0,,2024,7,True,,,False,2024-07-01,12,True
HR,Croatia,2024-08,24926969.0,,2024,8,True,,,False,2024-08-01,12,True
HR,Croatia,2024-09,10507341.0,,2024,9,True,,,False,2024-09-01,12,True
HR,Croatia,2024-10,2995155.0,,2024,10,True,,,False,2024-10-01,12,True
HR,Croatia,2024-11,598862.0,,2024,11,True,,,False,2024-11-01,12,True
HR,Croatia,2024-12,562114.0,,2024,12,True,,,False,2024-12-01,12,True
HR,Croatia,2025-01,382318.0,,2025,1,True,,,False,2025-01-01,12,True
HR,Croatia,2025-02,406464.0,,2025,2,True,,,False,2025-02-01,12,True
HR,Croatia,2025-03,655485.0,,2025,3,True,,,False,2025-03-01,12,True
HR,Croatia,2025-04,2808313.0,,2025,4,True,,,False,2025-04-01,12,True
HR,Croatia,2025-05,5120551.0,,2025,5,True,,,False,2025-05-01,12,True
HR,Croatia,2025-06,13265302.0,,2025,6,True,,,False,2025-06-01,12,True
HR,Croatia,2025-07,23205684.0,,2025,7,True,,,False,2025-07-01,12,True
HR,Croatia,2025-08,24387732.0,,2025,8,True,,,False,2025-08-01,12,True
HR,Croatia,2025-09,11157095.0,,2025,9,True,,,False,2025-09-01,12,True
HR,Croatia,2025-10,3054351.0,,2025,10,True,,,False,2025-10-01,12,True
HR,Croatia,2025-11,551337.0,,2025,11,True,,,False,2025-11-01,12,True
HR,Croatia,2025-12,609873.0,,2025,12,True,,,False,2025-12-01,12,True
HR,Croatia,2026-01,357193.0,,2026,1,True,,,False,2026-01-01,6,False
HR,Croatia,2026-02,424996.0,,2026,2,True,,,False,2026-02-01,6,False
HR,Croatia,2026-03,795594.0,,2026,3,True,,,False,2026-03-01,6,False
HR,Croatia,2026-04,2673789.0,,2026,4,True,,,False,2026-04-01,6,False
HR,Croatia,2026-05,5990586.0,,2026,5,True,,,False,2026-05-01,6,False
HR,Croatia,2026-06,12268414.0,,2026,6,True,,,False,2026-06-01,6,False
HR,Croatia,2026-07,,,2026,7,False,,,False,2026-07-01,6,False
CY,Cyprus,2021-01,21934.0,,2021,1,True,,,False,2021-01-01,12,True
CY,Cyprus,2021-02,31479.0,,2021,2,True,,,False,2021-02-01,12,True
CY,Cyprus,2021-03,46855.0,,2021,3,True,,,False,2021-03-01,12,True
CY,Cyprus,2021-04,116143.0,,2021,4,True,,,False,2021-04-01,12,True
CY,Cyprus,2021-05,363765.0,,2021,5,True,,,False,2021-05-01,12,True
CY,Cyprus,2021-06,770468.0,,2021,6,True,,,False,2021-06-01,12,True
CY,Cyprus,2021-07,1166792.0,,2021,7,True,,,False,2021-07-01,12,True
CY,Cyprus,2021-08,1532083.0,,2021,8,True,,,False,2021-08-01,12,True
CY,Cyprus,2021-09,1485639.0,,2021,9,True,,,False,2021-09-01,12,True
CY,Cyprus,2021-10,1754031.0,,2021,10,True,,,False,2021-10-01,12,True
CY,Cyprus,2021-11,654744.0,,2021,11,True,,,False,2021-11-01,12,True
CY,Cyprus,2021-12,249840.0,,2021,12,True,,,False,2021-12-01,12,True
CY,Cyprus,2022-01,125490.0,,2022,1,True,,,False,2022-01-01,12,True
CY,Cyprus,2022-02,157499.0,,2022,2,True,,,False,2022-02-01,12,True
CY,Cyprus,2022-03,343393.0,,2022,3,True,,,False,2022-03-01,12,True
CY,Cyprus,2022-04,932129.0,,2022,4,True,,,False,2022-04-01,12,True
CY,Cyprus,2022-05,1293236.0,,2022,5,True,,,False,2022-05-01,12,True
CY,Cyprus,2022-06,1602494.0,,2022,6,True,,,False,2022-06-01,12,True
CY,Cyprus,2022-07,1937439.0,,2022,7,True,,,False,2022-07-01,12,True
CY,Cyprus,2022-08,2058512.0,,2022,8,True,,,False,2022-08-01,12,True
CY,Cyprus,2022-09,1868769.0,,2022,9,True,,,False,2022-09-01,12,True
CY,Cyprus,2022-10,1709366.0,,2022,10,True,,,False,2022-10-01,12,True
CY,Cyprus,2022-11,588693.0,,2022,11,True,,,False,2022-11-01,12,True
CY,Cyprus,2022-12,317961.0,,2022,12,True,,,False,2022-12-01,12,True
CY,Cyprus,2023-01,223064.0,,2023,1,True,,,False,2023-01-01,12,True
CY,Cyprus,2023-02,287888.0,,2023,2,True,,,False,2023-02-01,12,True
CY,Cyprus,2023-03,498173.0,,2023,3,True,,,False,2023-03-01,12,True
CY,Cyprus,2023-04,1133183.0,,2023,4,True,,,False,2023-04-01,12,True
CY,Cyprus,2023-05,1546644.0,,2023,5,True,,,False,2023-05-01,12,True
CY,Cyprus,2023-06,1801870.0,,2023,6,True,,,False,2023-06-01,12,True
CY,Cyprus,2023-07,2134518.0,,2023,7,True,,,False,2023-07-01,12,True
CY,Cyprus,2023-08,2117148.0,,2023,8,True,,,False,2023-08-01,12,True
CY,Cyprus,2023-09,1933851.0,,2023,9,True,,,False,2023-09-01,12,True
CY,Cyprus,2023-10,1811159.0,,2023,10,True,,,False,2023-10-01,12,True
CY,Cyprus,2023-11,635379.0,,2023,11,True,,,False,2023-11-01,12,True
CY,Cyprus,2023-12,305459.0,,2023,12,True,,,False,2023-12-01,12,True
CY,Cyprus,2024-01,210896.0,,2024,1,True,,,False,2024-01-01,12,True
CY,Cyprus,2024-02,282096.0,,2024,2,True,,,False,2024-02-01,12,True
CY,Cyprus,2024-03,552010.0,,2024,3,True,,,False,2024-03-01,12,True
CY,Cyprus,2024-04,1257258.0,,2024,4,True,,,False,2024-04-01,12,True
CY,Cyprus,2024-05,1792455.0,,2024,5,True,,,False,2024-05-01,12,True
CY,Cyprus,2024-06,2073334.0,,2024,6,True,,,False,2024-06-01,12,True
CY,Cyprus,2024-07,2401517.0,,2024,7,True,,,False,2024-07-01,12,True
CY,Cyprus,2024-08,2456024.0,,2024,8,True,,,False,2024-08-01,12,True
CY,Cyprus,2024-09,2259029.0,,2024,9,True,,,False,2024-09-01,12,True
CY,Cyprus,2024-10,2220053.0,,2024,10,True,,,False,2024-10-01,12,True
CY,Cyprus,2024-11,721521.0,,2024,11,True,,,False,2024-11-01,12,True
CY,Cyprus,2024-12,332661.0,,2024,12,True,,,False,2024-12-01,12,True
CY,Cyprus,2025-01,272100.0,,2025,1,True,,,False,2025-01-01,12,True
CY,Cyprus,2025-02,318000.0,,2025,2,True,,,False,2025-02-01,12,True
CY,Cyprus,2025-03,582827.0,,2025,3,True,,,False,2025-03-01,12,True
CY,Cyprus,2025-04,1202682.0,,2025,4,True,,,False,2025-04-01,12,True
CY,Cyprus,2025-05,1917800.0,,2025,5,True,,,False,2025-05-01,12,True
CY,Cyprus,2025-06,2123043.0,,2025,6,True,,,False,2025-06-01,12,True
CY,Cyprus,2025-07,2445094.0,,2025,7,True,,,False,2025-07-01,12,True
CY,Cyprus,2025-08,2585440.0,,2025,8,True,,,False,2025-08-01,12,True
CY,Cyprus,2025-09,2374567.0,,2025,9,True,,,False,2025-09-01,12,True
CY,Cyprus,2025-10,2297955.0,,2025,10,True,,,False,2025-10-01,12,True
CY,Cyprus,2025-11,799728.0,,2025,11,True,,,False,2025-11-01,12,True
CY,Cyprus,2025-12,419214.0,,2025,12,True,,,False,2025-12-01,12,True
CY,Cyprus,2026-01,307649.0,,2026,1,True,,,False,2026-01-01,6,False
CY,Cyprus,2026-02,392600.0,,2026,2,True,,,False,2026-02-01,6,False
CY,Cyprus,2026-03,453838.0,,2026,3,True,,,False,2026-03-01,6,False
CY,Cyprus,2026-04,1026050.0,,2026,4,True,,,False,2026-04-01,6,False
CY,Cyprus,2026-05,1716308.0,,2026,5,True,,,False,2026-05-01,6,False
CY,Cyprus,2026-06,1994883.0,,2026,6,True,,,False,2026-06-01,6,False
CY,Cyprus,2026-07,,,2026,7,False,,,False,2026-07-01,6,False
CZ,Czechia,2021-01,56686.0,,2021,1,True,,,False,2021-01-01,12,True
CZ,Czechia,2021-02,55749.0,,2021,2,True,,,False,2021-02-01,12,True
CZ,Czechia,2021-03,55446.0,,2021,3,True,,,False,2021-03-01,12,True
CZ,Czechia,2021-04,60690.0,,2021,4,True,,,False,2021-04-01,12,True
CZ,Czechia,2021-05,125700.0,,2021,5,True,,,False,2021-05-01,12,True
CZ,Czechia,2021-06,359165.0,,2021,6,True,,,False,2021-06-01,12,True
CZ,Czechia,2021-07,894744.0,,2021,7,True,,,False,2021-07-01,12,True
CZ,Czechia,2021-08,1226385.0,,2021,8,True,,,False,2021-08-01,12,True
CZ,Czechia,2021-09,1014797.0,,2021,9,True,,,False,2021-09-01,12,True
CZ,Czechia,2021-10,1143279.0,,2021,10,True,,,False,2021-10-01,12,True
CZ,Czechia,2021-11,848927.0,,2021,11,True,,,False,2021-11-01,12,True
CZ,Czechia,2021-12,705747.0,,2021,12,True,,,False,2021-12-01,12,True
CZ,Czechia,2022-01,578191.0,,2022,1,True,,,False,2022-01-01,12,True
CZ,Czechia,2022-02,795274.0,,2022,2,True,,,False,2022-02-01,12,True
CZ,Czechia,2022-03,966013.0,,2022,3,True,,,False,2022-03-01,12,True
CZ,Czechia,2022-04,1383151.0,,2022,4,True,,,False,2022-04-01,12,True
CZ,Czechia,2022-05,1551237.0,,2022,5,True,,,False,2022-05-01,12,True
CZ,Czechia,2022-06,1715433.0,,2022,6,True,,,False,2022-06-01,12,True
CZ,Czechia,2022-07,2080160.0,,2022,7,True,,,False,2022-07-01,12,True
CZ,Czechia,2022-08,2324735.0,,2022,8,True,,,False,2022-08-01,12,True
CZ,Czechia,2022-09,1809913.0,,2022,9,True,,,False,2022-09-01,12,True
CZ,Czechia,2022-10,1863478.0,,2022,10,True,,,False,2022-10-01,12,True
CZ,Czechia,2022-11,1344904.0,,2022,11,True,,,False,2022-11-01,12,True
CZ,Czechia,2022-12,1727178.0,,2022,12,True,,,False,2022-12-01,12,True
CZ,Czechia,2023-01,1315873.0,,2023,1,True,,,False,2023-01-01,12,True
CZ,Czechia,2023-02,1392690.0,,2023,2,True,,,False,2023-02-01,12,True
CZ,Czechia,2023-03,1487965.0,,2023,3,True,,,False,2023-03-01,12,True
CZ,Czechia,2023-04,1959894.0,,2023,4,True,,,False,2023-04-01,12,True
CZ,Czechia,2023-05,2061113.0,,2023,5,True,,,False,2023-05-01,12,True
CZ,Czechia,2023-06,2032882.0,,2023,6,True,,,False,2023-06-01,12,True
CZ,Czechia,2023-07,2522992.0,,2023,7,True,,,False,2023-07-01,12,True
CZ,Czechia,2023-08,2678269.0,,2023,8,True,,,False,2023-08-01,12,True
CZ,Czechia,2023-09,2184743.0,,2023,9,True,,,False,2023-09-01,12,True
CZ,Czechia,2023-10,2117305.0,,2023,10,True,,,False,2023-10-01,12,True
CZ,Czechia,2023-11,1554185.0,,2023,11,True,,,False,2023-11-01,12,True
CZ,Czechia,2023-12,2053698.0,,2023,12,True,,,False,2023-12-01,12,True
CZ,Czechia,2024-01,1424611.0,,2024,1,True,,,False,2024-01-01,12,True
CZ,Czechia,2024-02,1617721.0,,2024,2,True,,,False,2024-02-01,12,True
CZ,Czechia,2024-03,1851387.0,,2024,3,True,,,False,2024-03-01,12,True
CZ,Czechia,2024-04,1890439.0,,2024,4,True,,,False,2024-04-01,12,True
CZ,Czechia,2024-05,2421984.0,,2024,5,True,,,False,2024-05-01,12,True
CZ,Czechia,2024-06,2151146.0,,2024,6,True,,,False,2024-06-01,12,True
CZ,Czechia,2024-07,2731888.0,,2024,7,True,,,False,2024-07-01,12,True
CZ,Czechia,2024-08,2898101.0,,2024,8,True,,,False,2024-08-01,12,True
CZ,Czechia,2024-09,2139898.0,,2024,9,True,,,False,2024-09-01,12,True
CZ,Czechia,2024-10,2297657.0,,2024,10,True,,,False,2024-10-01,12,True
CZ,Czechia,2024-11,1751255.0,,2024,11,True,,,False,2024-11-01,12,True
CZ,Czechia,2024-12,2298024.0,,2024,12,True,,,False,2024-12-01,12,True
CZ,Czechia,2025-01,1591994.0,,2025,1,True,,,False,2025-01-01,12,True
CZ,Czechia,2025-02,1677600.0,,2025,2,True,,,False,2025-02-01,12,True
CZ,Czechia,2025-03,1738120.0,,2025,3,True,,,False,2025-03-01,12,True
CZ,Czechia,2025-04,2247323.0,,2025,4,True,,,False,2025-04-01,12,True
CZ,Czechia,2025-05,2380684.0,,2025,5,True,,,False,2025-05-01,12,True
CZ,Czechia,2025-06,2385660.0,,2025,6,True,,,False,2025-06-01,12,True
CZ,Czechia,2025-07,2713480.0,,2025,7,True,,,False,2025-07-01,12,True
CZ,Czechia,2025-08,2949051.0,,2025,8,True,,,False,2025-08-01,12,True
CZ,Czechia,2025-09,2334315.0,,2025,9,True,,,False,2025-09-01,12,True
CZ,Czechia,2025-10,2414012.0,,2025,10,True,,,False,2025-10-01,12,True
CZ,Czechia,2025-11,1871158.0,,2025,11,True,,,False,2025-11-01,12,True
CZ,Czechia,2025-12,2437060.0,,2025,12,True,,,False,2025-12-01,12,True
CZ,Czechia,2026-01,1698204.0,,2026,1,True,,,False,2026-01-01,6,False
CZ,Czechia,2026-02,1801663.0,,2026,2,True,,,False,2026-02-01,6,False
CZ,Czechia,2026-03,1874053.0,,2026,3,True,,,False,2026-03-01,6,False
CZ,Czechia,2026-04,2217651.0,,2026,4,True,,,False,2026-04-01,6,False
CZ,Czechia,2026-05,2506836.0,,2026,5,True,,,False,2026-05-01,6,False
CZ,Czechia,2026-06,2339737.0,,2026,6,True,,,False,2026-06-01,6,False
CZ,Czechia,2026-07,,,2026,7,False,,,False,2026-07-01,6,False
DK,Denmark,2021-01,51960.0,,2021,1,True,,,False,2021-01-01,12,True
DK,Denmark,2021-02,54758.0,,2021,2,True,,,False,2021-02-01,12,True
DK,Denmark,2021-03,73489.0,,2021,3,True,,,False,2021-03-01,12,True
DK,Denmark,2021-04,72256.0,,2021,4,True,,,False,2021-04-01,12,True
DK,Denmark,2021-05,140494.0,,2021,5,True,,,False,2021-05-01,12,True
DK,Denmark,2021-06,400955.0,,2021,6,True,,,False,2021-06-01,12,True
DK,Denmark,2021-07,1200585.0,,2021,7,True,,,False,2021-07-01,12,True
DK,Denmark,2021-08,1581203.0,,2021,8,True,,,False,2021-08-01,12,True
DK,Denmark,2021-09,730100.0,,2021,9,True,,,False,2021-09-01,12,True
DK,Denmark,2021-10,719908.0,,2021,10,True,,,False,2021-10-01,12,True
DK,Denmark,2021-11,527003.0,,2021,11,True,,,False,2021-11-01,12,True
DK,Denmark,2021-12,313565.0,,2021,12,True,,,False,2021-12-01,12,True
DK,Denmark,2022-01,174436.0,,2022,1,True,,,False,2022-01-01,12,True
DK,Denmark,2022-02,320458.0,,2022,2,True,,,False,2022-02-01,12,True
DK,Denmark,2022-03,470312.0,,2022,3,True,,,False,2022-03-01,12,True
DK,Denmark,2022-04,924817.0,,2022,4,True,,,False,2022-04-01,12,True
DK,Denmark,2022-05,1122594.0,,2022,5,True,,,False,2022-05-01,12,True
DK,Denmark,2022-06,1547401.0,,2022,6,True,,,False,2022-06-01,12,True
DK,Denmark,2022-07,2914195.0,,2022,7,True,,,False,2022-07-01,12,True
DK,Denmark,2022-08,2715535.0,,2022,8,True,,,False,2022-08-01,12,True
DK,Denmark,2022-09,1079766.0,,2022,9,True,,,False,2022-09-01,12,True
DK,Denmark,2022-10,932665.0,,2022,10,True,,,False,2022-10-01,12,True
DK,Denmark,2022-11,609981.0,,2022,11,True,,,False,2022-11-01,12,True
DK,Denmark,2022-12,631752.0,,2022,12,True,,,False,2022-12-01,12,True
DK,Denmark,2023-01,446064.0,,2023,1,True,,,False,2023-01-01,12,True
DK,Denmark,2023-02,469280.0,,2023,2,True,,,False,2023-02-01,12,True
DK,Denmark,2023-03,594727.0,,2023,3,True,,,False,2023-03-01,12,True
DK,Denmark,2023-04,1109962.0,,2023,4,True,,,False,2023-04-01,12,True
DK,Denmark,2023-05,1319569.0,,2023,5,True,,,False,2023-05-01,12,True
DK,Denmark,2023-06,1645904.0,,2023,6,True,,,False,2023-06-01,12,True
DK,Denmark,2023-07,2795657.0,,2023,7,True,,,False,2023-07-01,12,True
DK,Denmark,2023-08,2799868.0,,2023,8,True,,,False,2023-08-01,12,True
DK,Denmark,2023-09,1172521.0,,2023,9,True,,,False,2023-09-01,12,True
DK,Denmark,2023-10,1006132.0,,2023,10,True,,,False,2023-10-01,12,True
DK,Denmark,2023-11,623936.0,,2023,11,True,,,False,2023-11-01,12,True
DK,Denmark,2023-12,654707.0,,2023,12,True,,,False,2023-12-01,12,True
DK,Denmark,2024-01,458449.0,,2024,1,True,,,False,2024-01-01,12,True
DK,Denmark,2024-02,493968.0,,2024,2,True,,,False,2024-02-01,12,True
DK,Denmark,2024-03,777989.0,,2024,3,True,,,False,2024-03-01,12,True
DK,Denmark,2024-04,1013024.0,,2024,4,True,,,False,2024-04-01,12,True
DK,Denmark,2024-05,1505545.0,,2024,5,True,,,False,2024-05-01,12,True
DK,Denmark,2024-06,1696475.0,,2024,6,True,,,False,2024-06-01,12,True
DK,Denmark,2024-07,2832488.0,,2024,7,True,,,False,2024-07-01,12,True
DK,Denmark,2024-08,2978867.0,,2024,8,True,,,False,2024-08-01,12,True
DK,Denmark,2024-09,1323666.0,,2024,9,True,,,False,2024-09-01,12,True
DK,Denmark,2024-10,1179328.0,,2024,10,True,,,False,2024-10-01,12,True
DK,Denmark,2024-11,728503.0,,2024,11,True,,,False,2024-11-01,12,True
DK,Denmark,2024-12,780535.0,,2024,12,True,,,False,2024-12-01,12,True
DK,Denmark,2025-01,531420.0,,2025,1,True,,,False,2025-01-01,12,True
DK,Denmark,2025-02,558436.0,,2025,2,True,,,False,2025-02-01,12,True
DK,Denmark,2025-03,722749.0,,2025,3,True,,,False,2025-03-01,12,True
DK,Denmark,2025-04,1231650.0,,2025,4,True,,,False,2025-04-01,12,True
DK,Denmark,2025-05,1473224.0,,2025,5,True,,,False,2025-05-01,12,True
DK,Denmark,2025-06,1826897.0,,2025,6,True,,,False,2025-06-01,12,True
DK,Denmark,2025-07,3009918.0,,2025,7,True,,,False,2025-07-01,12,True
DK,Denmark,2025-08,3190756.0,,2025,8,True,,,False,2025-08-01,12,True
DK,Denmark,2025-09,1386895.0,,2025,9,True,,,False,2025-09-01,12,True
DK,Denmark,2025-10,1294629.0,,2025,10,True,,,False,2025-10-01,12,True
DK,Denmark,2025-11,783940.0,,2025,11,True,,,False,2025-11-01,12,True
DK,Denmark,2025-12,898948.0,,2025,12,True,,,False,2025-12-01,12,True
DK,Denmark,2026-01,592734.0,,2026,1,True,,,False,2026-01-01,6,False
DK,Denmark,2026-02,611765.0,,2026,2,True,,,False,2026-02-01,6,False
DK,Denmark,2026-03,852081.0,,2026,3,True,,,False,2026-03-01,6,False
DK,Denmark,2026-04,1272212.0,,2026,4,True,,,False,2026-04-01,6,False
DK,Denmark,2026-05,1649343.0,,2026,5,True,,,False,2026-05-01,6,False
DK,Denmark,2026-06,1897978.0,,2026,6,True,,,False,2026-06-01,6,False
DK,Denmark,2026-07,,,2026,7,False,,,False,2026-07-01,6,False
EE,Estonia,2021-01,35599.0,,2021,1,True,,,False,2021-01-01,11,False
EE,Estonia,2021-02,38173.0,,2021,2,True,,,False,2021-02-01,11,False
EE,Estonia,2021-03,31893.0,,2021,3,True,,,False,2021-03-01,11,False
EE,Estonia,2021-04,32442.0,,2021,4,True,,,False,2021-04-01,11,False
EE,Estonia,2021-05,45257.0,,2021,5,True,,,False,2021-05-01,11,False
EE,Estonia,2021-06,71667.0,,2021,6,True,,,False,2021-06-01,11,False
EE,Estonia,2021-07,181334.0,,2021,7,True,,,False,2021-07-01,11,False
EE,Estonia,2021-08,208521.0,,2021,8,True,,,False,2021-08-01,11,False
EE,Estonia,2021-09,164618.0,,2021,9,True,,,False,2021-09-01,11,False
EE,Estonia,2021-10,179685.0,,2021,10,True,,,False,2021-10-01,11,False
EE,Estonia,2021-11,,|C,2021,11,False,False,False,True,2021-11-01,11,False
EE,Estonia,2021-12,149206.0,,2021,12,True,,,False,2021-12-01,11,False
EE,Estonia,2022-01,115031.0,,2022,1,True,,,False,2022-01-01,9,False
EE,Estonia,2022-02,,|C,2022,2,False,False,False,True,2022-02-01,9,False
EE,Estonia,2022-03,,|C,2022,3,False,False,False,True,2022-03-01,9,False
EE,Estonia,2022-04,207465.0,,2022,4,True,,,False,2022-04-01,9,False
EE,Estonia,2022-05,229687.0,,2022,5,True,,,False,2022-05-01,9,False
EE,Estonia,2022-06,286429.0,,2022,6,True,,,False,2022-06-01,9,False
EE,Estonia,2022-07,440186.0,,2022,7,True,,,False,2022-07-01,9,False
EE,Estonia,2022-08,370380.0,,2022,8,True,,,False,2022-08-01,9,False
EE,Estonia,2022-09,258379.0,,2022,9,True,,,False,2022-09-01,9,False
EE,Estonia,2022-10,271589.0,,2022,10,True,,,False,2022-10-01,9,False
EE,Estonia,2022-11,218730.0,,2022,11,True,,,False,2022-11-01,9,False
EE,Estonia,2022-12,,|C,2022,12,False,False,False,True,2022-12-01,9,False
EE,Estonia,2023-01,,|C,2023,1,False,False,False,True,2023-01-01,9,False
EE,Estonia,2023-02,,|C,2023,2,False,False,False,True,2023-02-01,9,False
EE,Estonia,2023-03,215597.0,,2023,3,True,,,False,2023-03-01,9,False
EE,Estonia,2023-04,256177.0,,2023,4,True,,,False,2023-04-01,9,False
EE,Estonia,2023-05,286872.0,,2023,5,True,,,False,2023-05-01,9,False
EE,Estonia,2023-06,323960.0,,2023,6,True,,,False,2023-06-01,9,False
EE,Estonia,2023-07,471121.0,,2023,7,True,,,False,2023-07-01,9,False
EE,Estonia,2023-08,408627.0,,2023,8,True,,,False,2023-08-01,9,False
EE,Estonia,2023-09,276665.0,,2023,9,True,,,False,2023-09-01,9,False
EE,Estonia,2023-10,264405.0,,2023,10,True,,,False,2023-10-01,9,False
EE,Estonia,2023-11,,|C,2023,11,False,False,False,True,2023-11-01,9,False
EE,Estonia,2023-12,278818.0,,2023,12,True,,,False,2023-12-01,9,False
EE,Estonia,2024-01,169307.0,,2024,1,True,,,False,2024-01-01,12,True
EE,Estonia,2024-02,211477.0,,2024,2,True,,,False,2024-02-01,12,True
EE,Estonia,2024-03,233237.0,,2024,3,True,,,False,2024-03-01,12,True
EE,Estonia,2024-04,231890.0,,2024,4,True,,,False,2024-04-01,12,True
EE,Estonia,2024-05,320460.0,,2024,5,True,,,False,2024-05-01,12,True
EE,Estonia,2024-06,385960.0,,2024,6,True,,,False,2024-06-01,12,True
EE,Estonia,2024-07,529861.0,,2024,7,True,,,False,2024-07-01,12,True
EE,Estonia,2024-08,449415.0,,2024,8,True,,,False,2024-08-01,12,True
EE,Estonia,2024-09,301711.0,,2024,9,True,,,False,2024-09-01,12,True
EE,Estonia,2024-10,294998.0,,2024,10,True,,,False,2024-10-01,12,True
EE,Estonia,2024-11,242081.0,,2024,11,True,,,False,2024-11-01,12,True
EE,Estonia,2024-12,297578.0,,2024,12,True,,,False,2024-12-01,12,True
EE,Estonia,2025-01,186826.0,,2025,1,True,,,False,2025-01-01,12,True
EE,Estonia,2025-02,208155.0,,2025,2,True,,,False,2025-02-01,12,True
EE,Estonia,2025-03,214266.0,,2025,3,True,,,False,2025-03-01,12,True
EE,Estonia,2025-04,269843.0,,2025,4,True,,,False,2025-04-01,12,True
EE,Estonia,2025-05,329711.0,,2025,5,True,,,False,2025-05-01,12,True
EE,Estonia,2025-06,406170.0,,2025,6,True,,,False,2025-06-01,12,True
EE,Estonia,2025-07,530523.0,,2025,7,True,,,False,2025-07-01,12,True
EE,Estonia,2025-08,458114.0,,2025,8,True,,,False,2025-08-01,12,True
EE,Estonia,2025-09,313089.0,,2025,9,True,,,False,2025-09-01,12,True
EE,Estonia,2025-10,304717.0,,2025,10,True,,,False,2025-10-01,12,True
EE,Estonia,2025-11,254053.0,,2025,11,True,,,False,2025-11-01,12,True
EE,Estonia,2025-12,322462.0,,2025,12,True,,,False,2025-12-01,12,True
EE,Estonia,2026-01,201109.0,,2026,1,True,,,False,2026-01-01,6,False
EE,Estonia,2026-02,223667.0,,2026,2,True,,,False,2026-02-01,6,False
EE,Estonia,2026-03,239875.0,,2026,3,True,,,False,2026-03-01,6,False
EE,Estonia,2026-04,276067.0,,2026,4,True,,,False,2026-04-01,6,False
EE,Estonia,2026-05,362127.0,,2026,5,True,,,False,2026-05-01,6,False
EE,Estonia,2026-06,419765.0,,2026,6,True,,,False,2026-06-01,6,False
EE,Estonia,2026-07,,,2026,7,False,,,False,2026-07-01,6,False
FI,Finland,2021-01,51921.0,,2021,1,True,,,False,2021-01-01,12,True
FI,Finland,2021-02,58663.0,,2021,2,True,,,False,2021-02-01,12,True
FI,Finland,2021-03,47117.0,,2021,3,True,,,False,2021-03-01,12,True
FI,Finland,2021-04,53087.0,,2021,4,True,,,False,2021-04-01,12,True
FI,Finland,2021-05,71655.0,,2021,5,True,,,False,2021-05-01,12,True
FI,Finland,2021-06,80165.0,,2021,6,True,,,False,2021-06-01,12,True
FI,Finland,2021-07,185401.0,,2021,7,True,,,False,2021-07-01,12,True
FI,Finland,2021-08,261542.0,,2021,8,True,,,False,2021-08-01,12,True
FI,Finland,2021-09,204030.0,,2021,9,True,,,False,2021-09-01,12,True
FI,Finland,2021-10,199940.0,,2021,10,True,,,False,2021-10-01,12,True
FI,Finland,2021-11,278433.0,,2021,11,True,,,False,2021-11-01,12,True
FI,Finland,2021-12,593412.0,,2021,12,True,,,False,2021-12-01,12,True
FI,Finland,2022-01,341896.0,,2022,1,True,,,False,2022-01-01,12,True
FI,Finland,2022-02,384310.0,,2022,2,True,,,False,2022-02-01,12,True
FI,Finland,2022-03,378709.0,,2022,3,True,,,False,2022-03-01,12,True
FI,Finland,2022-04,217781.0,,2022,4,True,,,False,2022-04-01,12,True
FI,Finland,2022-05,318835.0,,2022,5,True,,,False,2022-05-01,12,True
FI,Finland,2022-06,390495.0,,2022,6,True,,,False,2022-06-01,12,True
FI,Finland,2022-07,566866.0,,2022,7,True,,,False,2022-07-01,12,True
FI,Finland,2022-08,561481.0,,2022,8,True,,,False,2022-08-01,12,True
FI,Finland,2022-09,407297.0,,2022,9,True,,,False,2022-09-01,12,True
FI,Finland,2022-10,306438.0,,2022,10,True,,,False,2022-10-01,12,True
FI,Finland,2022-11,367095.0,,2022,11,True,,,False,2022-11-01,12,True
FI,Finland,2022-12,733792.0,,2022,12,True,,,False,2022-12-01,12,True
FI,Finland,2023-01,535494.0,,2023,1,True,,,False,2023-01-01,12,True
FI,Finland,2023-02,559030.0,,2023,2,True,,,False,2023-02-01,12,True
FI,Finland,2023-03,484184.0,,2023,3,True,,,False,2023-03-01,12,True
FI,Finland,2023-04,263906.0,,2023,4,True,,,False,2023-04-01,12,True
FI,Finland,2023-05,359719.0,,2023,5,True,,,False,2023-05-01,12,True
FI,Finland,2023-06,455163.0,,2023,6,True,,,False,2023-06-01,12,True
FI,Finland,2023-07,589075.0,,2023,7,True,,,False,2023-07-01,12,True
FI,Finland,2023-08,605795.0,,2023,8,True,,,False,2023-08-01,12,True
FI,Finland,2023-09,410269.0,,2023,9,True,,,False,2023-09-01,12,True
FI,Finland,2023-10,307420.0,,2023,10,True,,,False,2023-10-01,12,True
FI,Finland,2023-11,399592.0,,2023,11,True,,,False,2023-11-01,12,True
FI,Finland,2023-12,782185.0,,2023,12,True,,,False,2023-12-01,12,True
FI,Finland,2024-01,597743.0,,2024,1,True,,,False,2024-01-01,12,True
FI,Finland,2024-02,635093.0,,2024,2,True,,,False,2024-02-01,12,True
FI,Finland,2024-03,532971.0,,2024,3,True,,,False,2024-03-01,12,True
FI,Finland,2024-04,275894.0,,2024,4,True,,,False,2024-04-01,12,True
FI,Finland,2024-05,349208.0,,2024,5,True,,,False,2024-05-01,12,True
FI,Finland,2024-06,515262.0,,2024,6,True,,,False,2024-06-01,12,True
FI,Finland,2024-07,653237.0,,2024,7,True,,,False,2024-07-01,12,True
FI,Finland,2024-08,673808.0,,2024,8,True,,,False,2024-08-01,12,True
FI,Finland,2024-09,403664.0,,2024,9,True,,,False,2024-09-01,12,True
FI,Finland,2024-10,358232.0,,2024,10,True,,,False,2024-10-01,12,True
FI,Finland,2024-11,468443.0,,2024,11,True,,,False,2024-11-01,12,True
FI,Finland,2024-12,905071.0,,2024,12,True,,,False,2024-12-01,12,True
FI,Finland,2025-01,681124.0,,2025,1,True,,,False,2025-01-01,12,True
FI,Finland,2025-02,710451.0,,2025,2,True,,,False,2025-02-01,12,True
FI,Finland,2025-03,608915.0,,2025,3,True,,,False,2025-03-01,12,True
FI,Finland,2025-04,316988.0,,2025,4,True,,,False,2025-04-01,12,True
FI,Finland,2025-05,422050.0,,2025,5,True,,,False,2025-05-01,12,True
FI,Finland,2025-06,590204.0,,2025,6,True,,,False,2025-06-01,12,True
FI,Finland,2025-07,725915.0,,2025,7,True,,,False,2025-07-01,12,True
FI,Finland,2025-08,762788.0,,2025,8,True,,,False,2025-08-01,12,True
FI,Finland,2025-09,480807.0,,2025,9,True,,,False,2025-09-01,12,True
FI,Finland,2025-10,396447.0,,2025,10,True,,,False,2025-10-01,12,True
FI,Finland,2025-11,503243.0,,2025,11,True,,,False,2025-11-01,12,True
FI,Finland,2025-12,989403.0,,2025,12,True,,,False,2025-12-01,12,True
FI,Finland,2026-01,702450.0,,2026,1,True,,,False,2026-01-01,7,False
FI,Finland,2026-02,744111.0,,2026,2,True,,,False,2026-02-01,7,False
FI,Finland,2026-03,640228.0,,2026,3,True,,,False,2026-03-01,7,False
FI,Finland,2026-04,329686.0,,2026,4,True,,,False,2026-04-01,7,False
FI,Finland,2026-05,409132.0,,2026,5,True,,,False,2026-05-01,7,False
FI,Finland,2026-06,544626.0,,2026,6,True,,,False,2026-06-01,7,False
FI,Finland,2026-07,746848.0,,2026,7,True,,,False,2026-07-01,7,False
FR,France,2021-01,728415.0,,2021,1,True,,,False,2021-01-01,12,True
FR,France,2021-02,757020.0,,2021,2,True,,,False,2021-02-01,12,True
FR,France,2021-03,857139.0,,2021,3,True,,,False,2021-03-01,12,True
FR,France,2021-04,890229.0,,2021,4,True,,,False,2021-04-01,12,True
FR,France,2021-05,1088893.0,,2021,5,True,,,False,2021-05-01,12,True
FR,France,2021-06,3300239.0,,2021,6,True,,,False,2021-06-01,12,True
FR,France,2021-07,13172254.0,,2021,7,True,,,False,2021-07-01,12,True
FR,France,2021-08,15120122.0,,2021,8,True,,,False,2021-08-01,12,True
FR,France,2021-09,8549164.0,,2021,9,True,,,False,2021-09-01,12,True
FR,France,2021-10,4832627.0,,2021,10,True,,,False,2021-10-01,12,True
FR,France,2021-11,3339565.0,,2021,11,True,,,False,2021-11-01,12,True
FR,France,2021-12,3887443.0,,2021,12,True,,,False,2021-12-01,12,True
FR,France,2022-01,3369225.0,,2022,1,True,,,False,2022-01-01,12,True
FR,France,2022-02,3751613.0,,2022,2,True,,,False,2022-02-01,12,True
FR,France,2022-03,5194200.0,,2022,3,True,,,False,2022-03-01,12,True
FR,France,2022-04,8747864.0,,2022,4,True,,,False,2022-04-01,12,True
FR,France,2022-05,9255542.0,,2022,5,True,,,False,2022-05-01,12,True
FR,France,2022-06,13977623.0,,2022,6,True,,,False,2022-06-01,12,True
FR,France,2022-07,23832810.0,,2022,7,True,,,False,2022-07-01,12,True
FR,France,2022-08,24331349.0,,2022,8,True,,,False,2022-08-01,12,True
FR,France,2022-09,13097733.0,,2022,9,True,,,False,2022-09-01,12,True
FR,France,2022-10,7372217.0,,2022,10,True,,,False,2022-10-01,12,True
FR,France,2022-11,4594744.0,,2022,11,True,,,False,2022-11-01,12,True
FR,France,2022-12,6344069.0,,2022,12,True,,,False,2022-12-01,12,True
FR,France,2023-01,6001509.0,,2023,1,True,,,False,2023-01-01,12,True
FR,France,2023-02,5350479.0,,2023,2,True,,,False,2023-02-01,12,True
FR,France,2023-03,6507294.0,,2023,3,True,,,False,2023-03-01,12,True
FR,France,2023-04,9858693.0,,2023,4,True,,,False,2023-04-01,12,True
FR,France,2023-05,11427894.0,,2023,5,True,,,False,2023-05-01,12,True
FR,France,2023-06,15175254.0,,2023,6,True,,,False,2023-06-01,12,True
FR,France,2023-07,24284692.0,,2023,7,True,,,False,2023-07-01,12,True
FR,France,2023-08,25042080.0,,2023,8,True,,,False,2023-08-01,12,True
FR,France,2023-09,14262425.0,,2023,9,True,,,False,2023-09-01,12,True
FR,France,2023-10,7415794.0,e,2023,10,True,True,False,False,2023-10-01,12,True
FR,France,2023-11,4731776.0,e,2023,11,True,True,False,False,2023-11-01,12,True
FR,France,2023-12,6329780.0,e,2023,12,True,True,False,False,2023-12-01,12,True
FR,France,2024-01,5991170.0,,2024,1,True,,,False,2024-01-01,12,True
FR,France,2024-02,6041408.0,,2024,2,True,,,False,2024-02-01,12,True
FR,France,2024-03,8152067.0,,2024,3,True,,,False,2024-03-01,12,True
FR,France,2024-04,8771279.0,,2024,4,True,,,False,2024-04-01,12,True
FR,France,2024-05,12656078.0,,2024,5,True,,,False,2024-05-01,12,True
FR,France,2024-06,14357368.0,,2024,6,True,,,False,2024-06-01,12,True
FR,France,2024-07,24526569.0,,2024,7,True,,,False,2024-07-01,12,True
FR,France,2024-08,25312424.0,,2024,8,True,,,False,2024-08-01,12,True
FR,France,2024-09,13829782.0,,2024,9,True,,,False,2024-09-01,12,True
FR,France,2024-10,8777287.0,,2024,10,True,,,False,2024-10-01,12,True
FR,France,2024-11,5166086.0,,2024,11,True,,,False,2024-11-01,12,True
FR,France,2024-12,7026679.0,,2024,12,True,,,False,2024-12-01,12,True
FR,France,2025-01,6479321.0,,2025,1,True,,,False,2025-01-01,12,True
FR,France,2025-02,5968563.0,,2025,2,True,,,False,2025-02-01,12,True
FR,France,2025-03,7508324.0,,2025,3,True,,,False,2025-03-01,12,True
FR,France,2025-04,11013496.0,,2025,4,True,,,False,2025-04-01,12,True
FR,France,2025-05,12118645.0,,2025,5,True,,,False,2025-05-01,12,True
FR,France,2025-06,16936173.0,,2025,6,True,,,False,2025-06-01,12,True
FR,France,2025-07,26543948.0,,2025,7,True,,,False,2025-07-01,12,True
FR,France,2025-08,26490195.0,,2025,8,True,,,False,2025-08-01,12,True
FR,France,2025-09,14961992.0,,2025,9,True,,,False,2025-09-01,12,True
FR,France,2025-10,9535017.0,,2025,10,True,,,False,2025-10-01,12,True
FR,France,2025-11,5440450.0,,2025,11,True,,,False,2025-11-01,12,True
FR,France,2025-12,7757705.0,,2025,12,True,,,False,2025-12-01,12,True
FR,France,2026-01,6917010.0,,2026,1,True,,,False,2026-01-01,6,False
FR,France,2026-02,6451280.0,,2026,2,True,,,False,2026-02-01,6,False
FR,France,2026-03,7638447.0,,2026,3,True,,,False,2026-03-01,6,False
FR,France,2026-04,10906032.0,,2026,4,True,,,False,2026-04-01,6,False
FR,France,2026-05,13472802.0,,2026,5,True,,,False,2026-05-01,6,False
FR,France,2026-06,16128545.0,,2026,6,True,,,False,2026-06-01,6,False
FR,France,2026-07,,,2026,7,False,,,False,2026-07-01,6,False
DE,Germany,2021-01,692238.0,,2021,1,True,,,False,2021-01-01,12,True
DE,Germany,2021-02,771308.0,,2021,2,True,,,False,2021-02-01,12,True
DE,Germany,2021-03,930822.0,,2021,3,True,,,False,2021-03-01,12,True
DE,Germany,2021-04,878134.0,,2021,4,True,,,False,2021-04-01,12,True
DE,Germany,2021-05,1029929.0,,2021,5,True,,,False,2021-05-01,12,True
DE,Germany,2021-06,1837486.0,,2021,6,True,,,False,2021-06-01,12,True
DE,Germany,2021-07,4500507.0,,2021,7,True,,,False,2021-07-01,12,True
DE,Germany,2021-08,5009685.0,,2021,8,True,,,False,2021-08-01,12,True
DE,Germany,2021-09,4365165.0,,2021,9,True,,,False,2021-09-01,12,True
DE,Germany,2021-10,4697357.0,,2021,10,True,,,False,2021-10-01,12,True
DE,Germany,2021-11,3488718.0,,2021,11,True,,,False,2021-11-01,12,True
DE,Germany,2021-12,2530151.0,,2021,12,True,,,False,2021-12-01,12,True
DE,Germany,2022-01,1912992.0,,2022,1,True,,,False,2022-01-01,12,True
DE,Germany,2022-02,2542987.0,,2022,2,True,,,False,2022-02-01,12,True
DE,Germany,2022-03,3296966.0,,2022,3,True,,,False,2022-03-01,12,True
DE,Germany,2022-04,4886184.0,,2022,4,True,,,False,2022-04-01,12,True
DE,Germany,2022-05,6027813.0,,2022,5,True,,,False,2022-05-01,12,True
DE,Germany,2022-06,6453198.0,,2022,6,True,,,False,2022-06-01,12,True
DE,Germany,2022-07,9321163.0,,2022,7,True,,,False,2022-07-01,12,True
DE,Germany,2022-08,8904626.0,,2022,8,True,,,False,2022-08-01,12,True
DE,Germany,2022-09,7077816.0,,2022,9,True,,,False,2022-09-01,12,True
DE,Germany,2022-10,6724628.0,,2022,10,True,,,False,2022-10-01,12,True
DE,Germany,2022-11,5031534.0,,2022,11,True,,,False,2022-11-01,12,True
DE,Germany,2022-12,5436395.0,,2022,12,True,,,False,2022-12-01,12,True
DE,Germany,2023-01,3916585.0,,2023,1,True,,,False,2023-01-01,12,True
DE,Germany,2023-02,4775172.0,,2023,2,True,,,False,2023-02-01,12,True
DE,Germany,2023-03,5085489.0,,2023,3,True,,,False,2023-03-01,12,True
DE,Germany,2023-04,6307555.0,,2023,4,True,,,False,2023-04-01,12,True
DE,Germany,2023-05,7184273.0,,2023,5,True,,,False,2023-05-01,12,True
DE,Germany,2023-06,7507103.0,,2023,6,True,,,False,2023-06-01,12,True
DE,Germany,2023-07,10137961.0,,2023,7,True,,,False,2023-07-01,12,True
DE,Germany,2023-08,9480375.0,,2023,8,True,,,False,2023-08-01,12,True
DE,Germany,2023-09,7647853.0,,2023,9,True,,,False,2023-09-01,12,True
DE,Germany,2023-10,6903009.0,,2023,10,True,,,False,2023-10-01,12,True
DE,Germany,2023-11,5413690.0,,2023,11,True,,,False,2023-11-01,12,True
DE,Germany,2023-12,6019364.0,,2023,12,True,,,False,2023-12-01,12,True
DE,Germany,2024-01,4364278.0,,2024,1,True,,,False,2024-01-01,12,True
DE,Germany,2024-02,5025740.0,,2024,2,True,,,False,2024-02-01,12,True
DE,Germany,2024-03,5479515.0,,2024,3,True,,,False,2024-03-01,12,True
DE,Germany,2024-04,6334532.0,,2024,4,True,,,False,2024-04-01,12,True
DE,Germany,2024-05,7412549.0,,2024,5,True,,,False,2024-05-01,12,True
DE,Germany,2024-06,8707934.0,,2024,6,True,,,False,2024-06-01,12,True
DE,Germany,2024-07,10588926.0,,2024,7,True,,,False,2024-07-01,12,True
DE,Germany,2024-08,10087476.0,,2024,8,True,,,False,2024-08-01,12,True
DE,Germany,2024-09,7837030.0,,2024,9,True,,,False,2024-09-01,12,True
DE,Germany,2024-10,6961927.0,,2024,10,True,,,False,2024-10-01,12,True
DE,Germany,2024-11,5625640.0,,2024,11,True,,,False,2024-11-01,12,True
DE,Germany,2024-12,6367089.0,,2024,12,True,,,False,2024-12-01,12,True
DE,Germany,2025-01,4242218.0,,2025,1,True,,,False,2025-01-01,12,True
DE,Germany,2025-02,4949805.0,,2025,2,True,,,False,2025-02-01,12,True
DE,Germany,2025-03,5220357.0,,2025,3,True,,,False,2025-03-01,12,True
DE,Germany,2025-04,6556296.0,,2025,4,True,,,False,2025-04-01,12,True
DE,Germany,2025-05,7484744.0,,2025,5,True,,,False,2025-05-01,12,True
DE,Germany,2025-06,7530964.0,,2025,6,True,,,False,2025-06-01,12,True
DE,Germany,2025-07,10358796.0,,2025,7,True,,,False,2025-07-01,12,True
DE,Germany,2025-08,9689151.0,,2025,8,True,,,False,2025-08-01,12,True
DE,Germany,2025-09,7674317.0,,2025,9,True,,,False,2025-09-01,12,True
DE,Germany,2025-10,7195093.0,,2025,10,True,,,False,2025-10-01,12,True
DE,Germany,2025-11,5590732.0,,2025,11,True,,,False,2025-11-01,12,True
DE,Germany,2025-12,6582972.0,,2025,12,True,,,False,2025-12-01,12,True
DE,Germany,2026-01,4277203.0,,2026,1,True,,,False,2026-01-01,6,False
DE,Germany,2026-02,5078278.0,,2026,2,True,,,False,2026-02-01,6,False
DE,Germany,2026-03,5197078.0,,2026,3,True,,,False,2026-03-01,6,False
DE,Germany,2026-04,6596278.0,,2026,4,True,,,False,2026-04-01,6,False
DE,Germany,2026-05,7446648.0,,2026,5,True,,,False,2026-05-01,6,False
DE,Germany,2026-06,7653746.0,,2026,6,True,,,False,2026-06-01,6,False
DE,Germany,2026-07,,,2026,7,False,,,False,2026-07-01,6,False
EL,Greece,2021-01,106077.0,,2021,1,True,,,False,2021-01-01,12,True
EL,Greece,2021-02,106176.0,,2021,2,True,,,False,2021-02-01,12,True
EL,Greece,2021-03,137834.0,,2021,3,True,,,False,2021-03-01,12,True
EL,Greece,2021-04,185668.0,,2021,4,True,,,False,2021-04-01,12,True
EL,Greece,2021-05,1367790.0,,2021,5,True,,,False,2021-05-01,12,True
EL,Greece,2021-06,5721819.0,,2021,6,True,,,False,2021-06-01,12,True
EL,Greece,2021-07,13763835.0,,2021,7,True,,,False,2021-07-01,12,True
EL,Greece,2021-08,16195515.0,,2021,8,True,,,False,2021-08-01,12,True
EL,Greece,2021-09,13262619.0,,2021,9,True,,,False,2021-09-01,12,True
EL,Greece,2021-10,7019966.0,,2021,10,True,,,False,2021-10-01,12,True
EL,Greece,2021-11,754062.0,,2021,11,True,,,False,2021-11-01,12,True
EL,Greece,2021-12,302244.0,,2021,12,True,,,False,2021-12-01,12,True
EL,Greece,2022-01,246382.0,,2022,1,True,,,False,2022-01-01,12,True
EL,Greece,2022-02,314423.0,,2022,2,True,,,False,2022-02-01,12,True
EL,Greece,2022-03,719645.0,,2022,3,True,,,False,2022-03-01,12,True
EL,Greece,2022-04,3709662.0,,2022,4,True,,,False,2022-04-01,12,True
EL,Greece,2022-05,11366466.0,,2022,5,True,,,False,2022-05-01,12,True
EL,Greece,2022-06,17559837.0,,2022,6,True,,,False,2022-06-01,12,True
EL,Greece,2022-07,23945606.0,,2022,7,True,,,False,2022-07-01,12,True
EL,Greece,2022-08,24936762.0,,2022,8,True,,,False,2022-08-01,12,True
EL,Greece,2022-09,18649875.0,,2022,9,True,,,False,2022-09-01,12,True
EL,Greece,2022-10,8485018.0,,2022,10,True,,,False,2022-10-01,12,True
EL,Greece,2022-11,944892.0,,2022,11,True,,,False,2022-11-01,12,True
EL,Greece,2022-12,671522.0,,2022,12,True,,,False,2022-12-01,12,True
EL,Greece,2023-01,566567.0,,2023,1,True,,,False,2023-01-01,12,True
EL,Greece,2023-02,618112.0,,2023,2,True,,,False,2023-02-01,12,True
EL,Greece,2023-03,1086317.0,,2023,3,True,,,False,2023-03-01,12,True
EL,Greece,2023-04,4737235.0,,2023,4,True,,,False,2023-04-01,12,True
EL,Greece,2023-05,12862722.0,,2023,5,True,,,False,2023-05-01,12,True
EL,Greece,2023-06,20140116.0,,2023,6,True,,,False,2023-06-01,12,True
EL,Greece,2023-07,25739282.0,,2023,7,True,,,False,2023-07-01,12,True
EL,Greece,2023-08,26492883.0,,2023,8,True,,,False,2023-08-01,12,True
EL,Greece,2023-09,20001297.0,,2023,9,True,,,False,2023-09-01,12,True
EL,Greece,2023-10,9026639.0,,2023,10,True,,,False,2023-10-01,12,True
EL,Greece,2023-11,1088785.0,,2023,11,True,,,False,2023-11-01,12,True
EL,Greece,2023-12,746851.0,,2023,12,True,,,False,2023-12-01,12,True
EL,Greece,2024-01,577589.0,,2024,1,True,,,False,2024-01-01,12,True
EL,Greece,2024-02,663692.0,,2024,2,True,,,False,2024-02-01,12,True
EL,Greece,2024-03,1185768.0,,2024,3,True,,,False,2024-03-01,12,True
EL,Greece,2024-04,4872586.0,,2024,4,True,,,False,2024-04-01,12,True
EL,Greece,2024-05,13507551.0,,2024,5,True,,,False,2024-05-01,12,True
EL,Greece,2024-06,20765348.0,,2024,6,True,,,False,2024-06-01,12,True
EL,Greece,2024-07,26696544.0,,2024,7,True,,,False,2024-07-01,12,True
EL,Greece,2024-08,27658434.0,,2024,8,True,,,False,2024-08-01,12,True
EL,Greece,2024-09,20845768.0,,2024,9,True,,,False,2024-09-01,12,True
EL,Greece,2024-10,9469380.0,,2024,10,True,,,False,2024-10-01,12,True
EL,Greece,2024-11,1145510.0,,2024,11,True,,,False,2024-11-01,12,True
EL,Greece,2024-12,792151.0,,2024,12,True,,,False,2024-12-01,12,True
EL,Greece,2025-01,613195.0,,2025,1,True,,,False,2025-01-01,12,True
EL,Greece,2025-02,698139.0,,2025,2,True,,,False,2025-02-01,12,True
EL,Greece,2025-03,1247284.0,,2025,3,True,,,False,2025-03-01,12,True
EL,Greece,2025-04,5078350.0,,2025,4,True,,,False,2025-04-01,12,True
EL,Greece,2025-05,13843922.0,,2025,5,True,,,False,2025-05-01,12,True
EL,Greece,2025-06,21172099.0,,2025,6,True,,,False,2025-06-01,12,True
EL,Greece,2025-07,27172696.0,,2025,7,True,,,False,2025-07-01,12,True
EL,Greece,2025-08,28488715.0,,2025,8,True,,,False,2025-08-01,12,True
EL,Greece,2025-09,21023763.0,,2025,9,True,,,False,2025-09-01,12,True
EL,Greece,2025-10,9679581.0,,2025,10,True,,,False,2025-10-01,12,True
EL,Greece,2025-11,1215594.0,,2025,11,True,,,False,2025-11-01,12,True
EL,Greece,2025-12,817997.0,,2025,12,True,,,False,2025-12-01,12,True
EL,Greece,2026-01,621401.0,,2026,1,True,,,False,2026-01-01,6,False
EL,Greece,2026-02,702622.0,,2026,2,True,,,False,2026-02-01,6,False
EL,Greece,2026-03,1214448.0,,2026,3,True,,,False,2026-03-01,6,False
EL,Greece,2026-04,5092263.0,,2026,4,True,,,False,2026-04-01,6,False
EL,Greece,2026-05,14215319.0,,2026,5,True,,,False,2026-05-01,6,False
EL,Greece,2026-06,21535630.0,,2026,6,True,,,False,2026-06-01,6,False
EL,Greece,2026-07,,,2026,7,False,,,False,2026-07-01,6,False
HU,Hungary,2021-01,68054.0,,2021,1,True,,,False,2021-01-01,12,True
HU,Hungary,2021-02,68455.0,,2021,2,True,,,False,2021-02-01,12,True
HU,Hungary,2021-03,96799.0,,2021,3,True,,,False,2021-03-01,12,True
HU,Hungary,2021-04,86685.0,,2021,4,True,,,False,2021-04-01,12,True
HU,Hungary,2021-05,136122.0,,2021,5,True,,,False,2021-05-01,12,True
HU,Hungary,2021-06,244639.0,,2021,6,True,,,False,2021-06-01,12,True
HU,Hungary,2021-07,613650.0,,2021,7,True,,,False,2021-07-01,12,True
HU,Hungary,2021-08,959874.0,,2021,8,True,,,False,2021-08-01,12,True
HU,Hungary,2021-09,776598.0,,2021,9,True,,,False,2021-09-01,12,True
HU,Hungary,2021-10,752382.0,,2021,10,True,,,False,2021-10-01,12,True
HU,Hungary,2021-11,685048.0,,2021,11,True,,,False,2021-11-01,12,True
HU,Hungary,2021-12,582528.0,,2021,12,True,,,False,2021-12-01,12,True
HU,Hungary,2022-01,530393.0,,2022,1,True,,,False,2022-01-01,12,True
HU,Hungary,2022-02,584690.0,,2022,2,True,,,False,2022-02-01,12,True
HU,Hungary,2022-03,828897.0,,2022,3,True,,,False,2022-03-01,12,True
HU,Hungary,2022-04,984589.0,,2022,4,True,,,False,2022-04-01,12,True
HU,Hungary,2022-05,1010611.0,,2022,5,True,,,False,2022-05-01,12,True
HU,Hungary,2022-06,1134102.0,,2022,6,True,,,False,2022-06-01,12,True
HU,Hungary,2022-07,1522591.0,,2022,7,True,,,False,2022-07-01,12,True
HU,Hungary,2022-08,1719055.0,,2022,8,True,,,False,2022-08-01,12,True
HU,Hungary,2022-09,1145231.0,,2022,9,True,,,False,2022-09-01,12,True
HU,Hungary,2022-10,1073544.0,,2022,10,True,,,False,2022-10-01,12,True
HU,Hungary,2022-11,900636.0,,2022,11,True,,,False,2022-11-01,12,True
HU,Hungary,2022-12,929798.0,,2022,12,True,,,False,2022-12-01,12,True
HU,Hungary,2023-01,743903.0,,2023,1,True,,,False,2023-01-01,12,True
HU,Hungary,2023-02,732180.0,,2023,2,True,,,False,2023-02-01,12,True
HU,Hungary,2023-03,876825.0,,2023,3,True,,,False,2023-03-01,12,True
HU,Hungary,2023-04,1136082.0,,2023,4,True,,,False,2023-04-01,12,True
HU,Hungary,2023-05,1195652.0,,2023,5,True,,,False,2023-05-01,12,True
HU,Hungary,2023-06,1316254.0,,2023,6,True,,,False,2023-06-01,12,True
HU,Hungary,2023-07,1719529.0,,2023,7,True,,,False,2023-07-01,12,True
HU,Hungary,2023-08,1910830.0,,2023,8,True,,,False,2023-08-01,12,True
HU,Hungary,2023-09,1334133.0,,2023,9,True,,,False,2023-09-01,12,True
HU,Hungary,2023-10,1176266.0,,2023,10,True,,,False,2023-10-01,12,True
HU,Hungary,2023-11,981749.0,,2023,11,True,,,False,2023-11-01,12,True
HU,Hungary,2023-12,1050358.0,,2023,12,True,,,False,2023-12-01,12,True
HU,Hungary,2024-01,767530.0,,2024,1,True,,,False,2024-01-01,12,True
HU,Hungary,2024-02,854120.0,,2024,2,True,,,False,2024-02-01,12,True
HU,Hungary,2024-03,1043751.0,,2024,3,True,,,False,2024-03-01,12,True
HU,Hungary,2024-04,1114927.0,,2024,4,True,,,False,2024-04-01,12,True
HU,Hungary,2024-05,1402674.0,,2024,5,True,,,False,2024-05-01,12,True
HU,Hungary,2024-06,1390013.0,,2024,6,True,,,False,2024-06-01,12,True
HU,Hungary,2024-07,1795518.0,,2024,7,True,,,False,2024-07-01,12,True
HU,Hungary,2024-08,1954717.0,,2024,8,True,,,False,2024-08-01,12,True
HU,Hungary,2024-09,1370211.0,,2024,9,True,,,False,2024-09-01,12,True
HU,Hungary,2024-10,1274591.0,,2024,10,True,,,False,2024-10-01,12,True
HU,Hungary,2024-11,1095227.0,,2024,11,True,,,False,2024-11-01,12,True
HU,Hungary,2024-12,1160974.0,,2024,12,True,,,False,2024-12-01,12,True
HU,Hungary,2025-01,871712.0,,2025,1,True,,,False,2025-01-01,12,True
HU,Hungary,2025-02,894024.0,,2025,2,True,,,False,2025-02-01,12,True
HU,Hungary,2025-03,1044614.0,,2025,3,True,,,False,2025-03-01,12,True
HU,Hungary,2025-04,1260792.0,,2025,4,True,,,False,2025-04-01,12,True
HU,Hungary,2025-05,1416643.0,,2025,5,True,,,False,2025-05-01,12,True
HU,Hungary,2025-06,1453460.0,,2025,6,True,,,False,2025-06-01,12,True
HU,Hungary,2025-07,1781483.0,,2025,7,True,,,False,2025-07-01,12,True
HU,Hungary,2025-08,2095866.0,,2025,8,True,,,False,2025-08-01,12,True
HU,Hungary,2025-09,1466715.0,,2025,9,True,,,False,2025-09-01,12,True
HU,Hungary,2025-10,1382774.0,,2025,10,True,,,False,2025-10-01,12,True
HU,Hungary,2025-11,1218882.0,,2025,11,True,,,False,2025-11-01,12,True
HU,Hungary,2025-12,1302157.0,,2025,12,True,,,False,2025-12-01,12,True
HU,Hungary,2026-01,948764.0,,2026,1,True,,,False,2026-01-01,6,False
HU,Hungary,2026-02,970865.0,,2026,2,True,,,False,2026-02-01,6,False
HU,Hungary,2026-03,1072832.0,,2026,3,True,,,False,2026-03-01,6,False
HU,Hungary,2026-04,1247111.0,,2026,4,True,,,False,2026-04-01,6,False
HU,Hungary,2026-05,1450850.0,,2026,5,True,,,False,2026-05-01,6,False
HU,Hungary,2026-06,1530544.0,,2026,6,True,,,False,2026-06-01,6,False
HU,Hungary,2026-07,,,2026,7,False,,,False,2026-07-01,6,False
IE,Ireland,2021-01,129137.0,e,2021,1,True,True,False,False,2021-01-01,12,True
IE,Ireland,2021-02,64024.0,e,2021,2,True,True,False,False,2021-02-01,12,True
IE,Ireland,2021-03,60953.0,e,2021,3,True,True,False,False,2021-03-01,12,True
IE,Ireland,2021-04,69068.0,e,2021,4,True,True,False,False,2021-04-01,12,True
IE,Ireland,2021-05,117980.0,e,2021,5,True,True,False,False,2021-05-01,12,True
IE,Ireland,2021-06,200952.0,e,2021,6,True,True,False,False,2021-06-01,12,True
IE,Ireland,2021-07,424810.0,e,2021,7,True,True,False,False,2021-07-01,12,True
IE,Ireland,2021-08,712879.0,e,2021,8,True,True,False,False,2021-08-01,12,True
IE,Ireland,2021-09,627241.0,e,2021,9,True,True,False,False,2021-09-01,12,True
IE,Ireland,2021-10,838315.0,e,2021,10,True,True,False,False,2021-10-01,12,True
IE,Ireland,2021-11,675058.0,e,2021,11,True,True,False,False,2021-11-01,12,True
IE,Ireland,2021-12,1314034.0,e,2021,12,True,True,False,False,2021-12-01,12,True
IE,Ireland,2022-01,609352.0,e,2022,1,True,True,False,False,2022-01-01,12,True
IE,Ireland,2022-02,733325.0,e,2022,2,True,True,False,False,2022-02-01,12,True
IE,Ireland,2022-03,975139.0,e,2022,3,True,True,False,False,2022-03-01,12,True
IE,Ireland,2022-04,1381774.0,e,2022,4,True,True,False,False,2022-04-01,12,True
IE,Ireland,2022-05,1990619.0,e,2022,5,True,True,False,False,2022-05-01,12,True
IE,Ireland,2022-06,1919796.0,e,2022,6,True,True,False,False,2022-06-01,12,True
IE,Ireland,2022-07,2146056.0,e,2022,7,True,True,False,False,2022-07-01,12,True
IE,Ireland,2022-08,1919304.0,e,2022,8,True,True,False,False,2022-08-01,12,True
IE,Ireland,2022-09,1478751.0,e,2022,9,True,True,False,False,2022-09-01,12,True
IE,Ireland,2022-10,1367857.0,e,2022,10,True,True,False,False,2022-10-01,12,True
IE,Ireland,2022-11,870448.0,e,2022,11,True,True,False,False,2022-11-01,12,True
IE,Ireland,2022-12,1082407.0,e,2022,12,True,True,False,False,2022-12-01,12,True
IE,Ireland,2023-01,872818.0,e,2023,1,True,True,False,False,2023-01-01,12,True
IE,Ireland,2023-02,1044911.0,e,2023,2,True,True,False,False,2023-02-01,12,True
IE,Ireland,2023-03,1571299.0,e,2023,3,True,True,False,False,2023-03-01,12,True
IE,Ireland,2023-04,1599282.0,e,2023,4,True,True,False,False,2023-04-01,12,True
IE,Ireland,2023-05,2568960.0,e,2023,5,True,True,False,False,2023-05-01,12,True
IE,Ireland,2023-06,2402134.0,e,2023,6,True,True,False,False,2023-06-01,12,True
IE,Ireland,2023-07,2832307.0,e,2023,7,True,True,False,False,2023-07-01,12,True
IE,Ireland,2023-08,3261934.0,e,2023,8,True,True,False,False,2023-08-01,12,True
IE,Ireland,2023-09,2526022.0,e,2023,9,True,True,False,False,2023-09-01,12,True
IE,Ireland,2023-10,2037747.0,e,2023,10,True,True,False,False,2023-10-01,12,True
IE,Ireland,2023-11,1405347.0,e,2023,11,True,True,False,False,2023-11-01,12,True
IE,Ireland,2023-12,2239387.0,e,2023,12,True,True,False,False,2023-12-01,12,True
IE,Ireland,2024-01,1018529.0,,2024,1,True,,,False,2024-01-01,12,True
IE,Ireland,2024-02,1154624.0,,2024,2,True,,,False,2024-02-01,12,True
IE,Ireland,2024-03,1602190.0,,2024,3,True,,,False,2024-03-01,12,True
IE,Ireland,2024-04,1756306.0,,2024,4,True,,,False,2024-04-01,12,True
IE,Ireland,2024-05,2521175.0,,2024,5,True,,,False,2024-05-01,12,True
IE,Ireland,2024-06,2745189.0,,2024,6,True,,,False,2024-06-01,12,True
IE,Ireland,2024-07,2651411.0,,2024,7,True,,,False,2024-07-01,12,True
IE,Ireland,2024-08,3279969.0,,2024,8,True,,,False,2024-08-01,12,True
IE,Ireland,2024-09,2487949.0,,2024,9,True,,,False,2024-09-01,12,True
IE,Ireland,2024-10,2109783.0,,2024,10,True,,,False,2024-10-01,12,True
IE,Ireland,2024-11,1247605.0,,2024,11,True,,,False,2024-11-01,12,True
IE,Ireland,2024-12,1775229.0,,2024,12,True,,,False,2024-12-01,12,True
IE,Ireland,2025-01,654239.0,,2025,1,True,,,False,2025-01-01,12,True
IE,Ireland,2025-02,727952.0,,2025,2,True,,,False,2025-02-01,12,True
IE,Ireland,2025-03,1522395.0,,2025,3,True,,,False,2025-03-01,12,True
IE,Ireland,2025-04,1700468.0,,2025,4,True,,,False,2025-04-01,12,True
IE,Ireland,2025-05,2424228.0,,2025,5,True,,,False,2025-05-01,12,True
IE,Ireland,2025-06,3108198.0,,2025,6,True,,,False,2025-06-01,12,True
IE,Ireland,2025-07,2876583.0,,2025,7,True,,,False,2025-07-01,12,True
IE,Ireland,2025-08,3353404.0,,2025,8,True,,,False,2025-08-01,12,True
IE,Ireland,2025-09,2298897.0,,2025,9,True,,,False,2025-09-01,12,True
IE,Ireland,2025-10,2242381.0,,2025,10,True,,,False,2025-10-01,12,True
IE,Ireland,2025-11,1499812.0,,2025,11,True,,,False,2025-11-01,12,True
IE,Ireland,2025-12,2310345.0,,2025,12,True,,,False,2025-12-01,12,True
IE,Ireland,2026-01,1224539.0,,2026,1,True,,,False,2026-01-01,6,False
IE,Ireland,2026-02,1221937.0,,2026,2,True,,,False,2026-02-01,6,False
IE,Ireland,2026-03,1716080.0,,2026,3,True,,,False,2026-03-01,6,False
IE,Ireland,2026-04,2041601.0,,2026,4,True,,,False,2026-04-01,6,False
IE,Ireland,2026-05,3254432.0,,2026,5,True,,,False,2026-05-01,6,False
IE,Ireland,2026-06,3271656.0,,2026,6,True,,,False,2026-06-01,6,False
IE,Ireland,2026-07,,,2026,7,False,,,False,2026-07-01,6,False
IT,Italy,2021-01,502362.0,,2021,1,True,,,False,2021-01-01,12,True
IT,Italy,2021-02,640089.0,,2021,2,True,,,False,2021-02-01,12,True
IT,Italy,2021-03,644179.0,,2021,3,True,,,False,2021-03-01,12,True
IT,Italy,2021-04,647209.0,,2021,4,True,,,False,2021-04-01,12,True
IT,Italy,2021-05,3486527.0,,2021,5,True,,,False,2021-05-01,12,True
IT,Italy,2021-06,9492166.0,,2021,6,True,,,False,2021-06-01,12,True
IT,Italy,2021-07,22608440.0,,2021,7,True,,,False,2021-07-01,12,True
IT,Italy,2021-08,27216979.0,,2021,8,True,,,False,2021-08-01,12,True
IT,Italy,2021-09,20574732.0,,2021,9,True,,,False,2021-09-01,12,True
IT,Italy,2021-10,11802436.0,,2021,10,True,,,False,2021-10-01,12,True
IT,Italy,2021-11,4250595.0,,2021,11,True,,,False,2021-11-01,12,True
IT,Italy,2021-12,4257461.0,,2021,12,True,,,False,2021-12-01,12,True
IT,Italy,2022-01,3881350.0,,2022,1,True,,,False,2022-01-01,12,True
IT,Italy,2022-02,5776549.0,,2022,2,True,,,False,2022-02-01,12,True
IT,Italy,2022-03,7198243.0,,2022,3,True,,,False,2022-03-01,12,True
IT,Italy,2022-04,12866335.0,,2022,4,True,,,False,2022-04-01,12,True
IT,Italy,2022-05,16817240.0,,2022,5,True,,,False,2022-05-01,12,True
IT,Italy,2022-06,27325183.0,,2022,6,True,,,False,2022-06-01,12,True
IT,Italy,2022-07,35717487.0,,2022,7,True,,,False,2022-07-01,12,True
IT,Italy,2022-08,34296007.0,,2022,8,True,,,False,2022-08-01,12,True
IT,Italy,2022-09,27365484.0,,2022,9,True,,,False,2022-09-01,12,True
IT,Italy,2022-10,16724538.0,,2022,10,True,,,False,2022-10-01,12,True
IT,Italy,2022-11,6471770.0,,2022,11,True,,,False,2022-11-01,12,True
IT,Italy,2022-12,6629248.0,,2022,12,True,,,False,2022-12-01,12,True
IT,Italy,2023-01,7566036.0,,2023,1,True,,,False,2023-01-01,12,True
IT,Italy,2023-02,9487659.0,,2023,2,True,,,False,2023-02-01,12,True
IT,Italy,2023-03,10433155.0,,2023,3,True,,,False,2023-03-01,12,True
IT,Italy,2023-04,16894983.0,,2023,4,True,,,False,2023-04-01,12,True
IT,Italy,2023-05,22454283.0,,2023,5,True,,,False,2023-05-01,12,True
IT,Italy,2023-06,29204324.0,,2023,6,True,,,False,2023-06-01,12,True
IT,Italy,2023-07,37989324.0,,2023,7,True,,,False,2023-07-01,12,True
IT,Italy,2023-08,36247678.0,,2023,8,True,,,False,2023-08-01,12,True
IT,Italy,2023-09,29981365.0,,2023,9,True,,,False,2023-09-01,12,True
IT,Italy,2023-10,19152955.0,,2023,10,True,,,False,2023-10-01,12,True
IT,Italy,2023-11,7277583.0,,2023,11,True,,,False,2023-11-01,12,True
IT,Italy,2023-12,7492910.0,,2023,12,True,,,False,2023-12-01,12,True
IT,Italy,2024-01,8678147.0,,2024,1,True,,,False,2024-01-01,12,True
IT,Italy,2024-02,10944970.0,,2024,2,True,,,False,2024-02-01,12,True
IT,Italy,2024-03,13177520.0,,2024,3,True,,,False,2024-03-01,12,True
IT,Italy,2024-04,16183884.0,,2024,4,True,,,False,2024-04-01,12,True
IT,Italy,2024-05,27571421.0,,2024,5,True,,,False,2024-05-01,12,True
IT,Italy,2024-06,29118746.0,,2024,6,True,,,False,2024-06-01,12,True
IT,Italy,2024-07,40484695.0,,2024,7,True,,,False,2024-07-01,12,True
IT,Italy,2024-08,38266053.0,,2024,8,True,,,False,2024-08-01,12,True
IT,Italy,2024-09,31496922.0,,2024,9,True,,,False,2024-09-01,12,True
IT,Italy,2024-10,21388824.0,,2024,10,True,,,False,2024-10-01,12,True
IT,Italy,2024-11,8107252.0,,2024,11,True,,,False,2024-11-01,12,True
IT,Italy,2024-12,8530009.0,,2024,12,True,,,False,2024-12-01,12,True
IT,Italy,2025-01,10890018.0,,2025,1,True,,,False,2025-01-01,12,True
IT,Italy,2025-02,12774043.0,,2025,2,True,,,False,2025-02-01,12,True
IT,Italy,2025-03,13982103.0,,2025,3,True,,,False,2025-03-01,12,True
IT,Italy,2025-04,21620106.0,,2025,4,True,,,False,2025-04-01,12,True
IT,Italy,2025-05,27351702.0,,2025,5,True,,,False,2025-05-01,12,True
IT,Italy,2025-06,38138375.0,,2025,6,True,,,False,2025-06-01,12,True
IT,Italy,2025-07,47804277.0,,2025,7,True,,,False,2025-07-01,12,True
IT,Italy,2025-08,44099703.0,,2025,8,True,,,False,2025-08-01,12,True
IT,Italy,2025-09,37496740.0,,2025,9,True,,,False,2025-09-01,12,True
IT,Italy,2025-10,25505377.0,,2025,10,True,,,False,2025-10-01,12,True
IT,Italy,2025-11,10443450.0,,2025,11,True,,,False,2025-11-01,12,True
IT,Italy,2025-12,11513717.0,,2025,12,True,,,False,2025-12-01,12,True
IT,Italy,2026-01,10373582.0,,2026,1,True,,,False,2026-01-01,6,False
IT,Italy,2026-02,13299739.0,,2026,2,True,,,False,2026-02-01,6,False
IT,Italy,2026-03,15464144.0,,2026,3,True,,,False,2026-03-01,6,False
IT,Italy,2026-04,23101679.0,,2026,4,True,,,False,2026-04-01,6,False
IT,Italy,2026-05,30113767.0,,2026,5,True,,,False,2026-05-01,6,False
IT,Italy,2026-06,37911559.0,,2026,6,True,,,False,2026-06-01,6,False
IT,Italy,2026-07,,,2026,7,False,,,False,2026-07-01,6,False
LV,Latvia,2021-01,19537.0,,2021,1,True,,,False,2021-01-01,12,True
LV,Latvia,2021-02,17200.0,,2021,2,True,,,False,2021-02-01,12,True
LV,Latvia,2021-03,17412.0,,2021,3,True,,,False,2021-03-01,12,True
LV,Latvia,2021-04,20149.0,,2021,4,True,,,False,2021-04-01,12,True
LV,Latvia,2021-05,37139.0,,2021,5,True,,,False,2021-05-01,12,True
LV,Latvia,2021-06,40427.0,,2021,6,True,,,False,2021-06-01,12,True
LV,Latvia,2021-07,163960.0,,2021,7,True,,,False,2021-07-01,12,True
LV,Latvia,2021-08,198021.0,,2021,8,True,,,False,2021-08-01,12,True
LV,Latvia,2021-09,132112.0,,2021,9,True,,,False,2021-09-01,12,True
LV,Latvia,2021-10,97751.0,,2021,10,True,,,False,2021-10-01,12,True
LV,Latvia,2021-11,49967.0,,2021,11,True,,,False,2021-11-01,12,True
LV,Latvia,2021-12,69712.0,,2021,12,True,,,False,2021-12-01,12,True
LV,Latvia,2022-01,59791.0,,2022,1,True,,,False,2022-01-01,12,True
LV,Latvia,2022-02,72995.0,,2022,2,True,,,False,2022-02-01,12,True
LV,Latvia,2022-03,89620.0,,2022,3,True,,,False,2022-03-01,12,True
LV,Latvia,2022-04,143711.0,,2022,4,True,,,False,2022-04-01,12,True
LV,Latvia,2022-05,165463.0,,2022,5,True,,,False,2022-05-01,12,True
LV,Latvia,2022-06,232080.0,,2022,6,True,,,False,2022-06-01,12,True
LV,Latvia,2022-07,333123.0,,2022,7,True,,,False,2022-07-01,12,True
LV,Latvia,2022-08,332905.0,,2022,8,True,,,False,2022-08-01,12,True
LV,Latvia,2022-09,206795.0,,2022,9,True,,,False,2022-09-01,12,True
LV,Latvia,2022-10,193402.0,,2022,10,True,,,False,2022-10-01,12,True
LV,Latvia,2022-11,136235.0,,2022,11,True,,,False,2022-11-01,12,True
LV,Latvia,2022-12,147101.0,,2022,12,True,,,False,2022-12-01,12,True
LV,Latvia,2023-01,118573.0,,2023,1,True,,,False,2023-01-01,12,True
LV,Latvia,2023-02,129609.0,,2023,2,True,,,False,2023-02-01,12,True
LV,Latvia,2023-03,135327.0,,2023,3,True,,,False,2023-03-01,12,True
LV,Latvia,2023-04,185902.0,,2023,4,True,,,False,2023-04-01,12,True
LV,Latvia,2023-05,227103.0,,2023,5,True,,,False,2023-05-01,12,True
LV,Latvia,2023-06,266319.0,,2023,6,True,,,False,2023-06-01,12,True
LV,Latvia,2023-07,405395.0,,2023,7,True,,,False,2023-07-01,12,True
LV,Latvia,2023-08,360176.0,,2023,8,True,,,False,2023-08-01,12,True
LV,Latvia,2023-09,230780.0,,2023,9,True,,,False,2023-09-01,12,True
LV,Latvia,2023-10,192859.0,,2023,10,True,,,False,2023-10-01,12,True
LV,Latvia,2023-11,151270.0,,2023,11,True,,,False,2023-11-01,12,True
LV,Latvia,2023-12,174471.0,,2023,12,True,,,False,2023-12-01,12,True
LV,Latvia,2024-01,120028.0,,2024,1,True,,,False,2024-01-01,12,True
LV,Latvia,2024-02,126150.0,,2024,2,True,,,False,2024-02-01,12,True
LV,Latvia,2024-03,162114.0,,2024,3,True,,,False,2024-03-01,12,True
LV,Latvia,2024-04,186684.0,,2024,4,True,,,False,2024-04-01,12,True
LV,Latvia,2024-05,243717.0,,2024,5,True,,,False,2024-05-01,12,True
LV,Latvia,2024-06,304907.0,,2024,6,True,,,False,2024-06-01,12,True
LV,Latvia,2024-07,429829.0,,2024,7,True,,,False,2024-07-01,12,True
LV,Latvia,2024-08,410285.0,,2024,8,True,,,False,2024-08-01,12,True
LV,Latvia,2024-09,251574.0,,2024,9,True,,,False,2024-09-01,12,True
LV,Latvia,2024-10,216094.0,,2024,10,True,,,False,2024-10-01,12,True
LV,Latvia,2024-11,182175.0,,2024,11,True,,,False,2024-11-01,12,True
LV,Latvia,2024-12,207696.0,,2024,12,True,,,False,2024-12-01,12,True
LV,Latvia,2025-01,156381.0,,2025,1,True,,,False,2025-01-01,12,True
LV,Latvia,2025-02,155629.0,,2025,2,True,,,False,2025-02-01,12,True
LV,Latvia,2025-03,171924.0,,2025,3,True,,,False,2025-03-01,12,True
LV,Latvia,2025-04,215186.0,,2025,4,True,,,False,2025-04-01,12,True
LV,Latvia,2025-05,276117.0,,2025,5,True,,,False,2025-05-01,12,True
LV,Latvia,2025-06,314926.0,,2025,6,True,,,False,2025-06-01,12,True
LV,Latvia,2025-07,447574.0,,2025,7,True,,,False,2025-07-01,12,True
LV,Latvia,2025-08,439303.0,,2025,8,True,,,False,2025-08-01,12,True
LV,Latvia,2025-09,275861.0,,2025,9,True,,,False,2025-09-01,12,True
LV,Latvia,2025-10,224405.0,,2025,10,True,,,False,2025-10-01,12,True
LV,Latvia,2025-11,179448.0,,2025,11,True,,,False,2025-11-01,12,True
LV,Latvia,2025-12,219568.0,,2025,12,True,,,False,2025-12-01,12,True
LV,Latvia,2026-01,146758.0,,2026,1,True,,,False,2026-01-01,6,False
LV,Latvia,2026-02,137756.0,,2026,2,True,,,False,2026-02-01,6,False
LV,Latvia,2026-03,162892.0,,2026,3,True,,,False,2026-03-01,6,False
LV,Latvia,2026-04,207760.0,,2026,4,True,,,False,2026-04-01,6,False
LV,Latvia,2026-05,262411.0,,2026,5,True,,,False,2026-05-01,6,False
LV,Latvia,2026-06,317330.0,,2026,6,True,,,False,2026-06-01,6,False
LV,Latvia,2026-07,,,2026,7,False,,,False,2026-07-01,6,False
LT,Lithuania,2021-01,29796.0,,2021,1,True,,,False,2021-01-01,12,True
LT,Lithuania,2021-02,31103.0,,2021,2,True,,,False,2021-02-01,12,True
LT,Lithuania,2021-03,37199.0,,2021,3,True,,,False,2021-03-01,12,True
LT,Lithuania,2021-04,42491.0,,2021,4,True,,,False,2021-04-01,12,True
LT,Lithuania,2021-05,53515.0,,2021,5,True,,,False,2021-05-01,12,True
LT,Lithuania,2021-06,75170.0,,2021,6,True,,,False,2021-06-01,12,True
LT,Lithuania,2021-07,159111.0,,2021,7,True,,,False,2021-07-01,12,True
LT,Lithuania,2021-08,199941.0,,2021,8,True,,,False,2021-08-01,12,True
LT,Lithuania,2021-09,172351.0,,2021,9,True,,,False,2021-09-01,12,True
LT,Lithuania,2021-10,145539.0,,2021,10,True,,,False,2021-10-01,12,True
LT,Lithuania,2021-11,122889.0,,2021,11,True,,,False,2021-11-01,12,True
LT,Lithuania,2021-12,113690.0,,2021,12,True,,,False,2021-12-01,12,True
LT,Lithuania,2022-01,96415.0,,2022,1,True,,,False,2022-01-01,12,True
LT,Lithuania,2022-02,108854.0,,2022,2,True,,,False,2022-02-01,12,True
LT,Lithuania,2022-03,170417.0,,2022,3,True,,,False,2022-03-01,12,True
LT,Lithuania,2022-04,199201.0,,2022,4,True,,,False,2022-04-01,12,True
LT,Lithuania,2022-05,240332.0,,2022,5,True,,,False,2022-05-01,12,True
LT,Lithuania,2022-06,274612.0,,2022,6,True,,,False,2022-06-01,12,True
LT,Lithuania,2022-07,321199.0,,2022,7,True,,,False,2022-07-01,12,True
LT,Lithuania,2022-08,329173.0,,2022,8,True,,,False,2022-08-01,12,True
LT,Lithuania,2022-09,263667.0,,2022,9,True,,,False,2022-09-01,12,True
LT,Lithuania,2022-10,231049.0,,2022,10,True,,,False,2022-10-01,12,True
LT,Lithuania,2022-11,198751.0,,2022,11,True,,,False,2022-11-01,12,True
LT,Lithuania,2022-12,180774.0,,2022,12,True,,,False,2022-12-01,12,True
LT,Lithuania,2023-01,173065.0,,2023,1,True,,,False,2023-01-01,12,True
LT,Lithuania,2023-02,161084.0,,2023,2,True,,,False,2023-02-01,12,True
LT,Lithuania,2023-03,207352.0,,2023,3,True,,,False,2023-03-01,12,True
LT,Lithuania,2023-04,219509.0,,2023,4,True,,,False,2023-04-01,12,True
LT,Lithuania,2023-05,277623.0,,2023,5,True,,,False,2023-05-01,12,True
LT,Lithuania,2023-06,289271.0,,2023,6,True,,,False,2023-06-01,12,True
LT,Lithuania,2023-07,367341.0,,2023,7,True,,,False,2023-07-01,12,True
LT,Lithuania,2023-08,383193.0,,2023,8,True,,,False,2023-08-01,12,True
LT,Lithuania,2023-09,284003.0,,2023,9,True,,,False,2023-09-01,12,True
LT,Lithuania,2023-10,243386.0,,2023,10,True,,,False,2023-10-01,12,True
LT,Lithuania,2023-11,198206.0,,2023,11,True,,,False,2023-11-01,12,True
LT,Lithuania,2023-12,197914.0,,2023,12,True,,,False,2023-12-01,12,True
LT,Lithuania,2024-01,176422.0,,2024,1,True,,,False,2024-01-01,12,True
LT,Lithuania,2024-02,159546.0,,2024,2,True,,,False,2024-02-01,12,True
LT,Lithuania,2024-03,212765.0,,2024,3,True,,,False,2024-03-01,12,True
LT,Lithuania,2024-04,222664.0,,2024,4,True,,,False,2024-04-01,12,True
LT,Lithuania,2024-05,286755.0,,2024,5,True,,,False,2024-05-01,12,True
LT,Lithuania,2024-06,312872.0,,2024,6,True,,,False,2024-06-01,12,True
LT,Lithuania,2024-07,383886.0,,2024,7,True,,,False,2024-07-01,12,True
LT,Lithuania,2024-08,400228.0,,2024,8,True,,,False,2024-08-01,12,True
LT,Lithuania,2024-09,288045.0,,2024,9,True,,,False,2024-09-01,12,True
LT,Lithuania,2024-10,247692.0,,2024,10,True,,,False,2024-10-01,12,True
LT,Lithuania,2024-11,205807.0,,2024,11,True,,,False,2024-11-01,12,True
LT,Lithuania,2024-12,205489.0,,2024,12,True,,,False,2024-12-01,12,True
LT,Lithuania,2025-01,165696.0,,2025,1,True,,,False,2025-01-01,12,True
LT,Lithuania,2025-02,197841.0,,2025,2,True,,,False,2025-02-01,12,True
LT,Lithuania,2025-03,247059.0,,2025,3,True,,,False,2025-03-01,12,True
LT,Lithuania,2025-04,258138.0,,2025,4,True,,,False,2025-04-01,12,True
LT,Lithuania,2025-05,344844.0,,2025,5,True,,,False,2025-05-01,12,True
LT,Lithuania,2025-06,359090.0,,2025,6,True,,,False,2025-06-01,12,True
LT,Lithuania,2025-07,523637.0,,2025,7,True,,,False,2025-07-01,12,True
LT,Lithuania,2025-08,480323.0,,2025,8,True,,,False,2025-08-01,12,True
LT,Lithuania,2025-09,386606.0,,2025,9,True,,,False,2025-09-01,12,True
LT,Lithuania,2025-10,322695.0,,2025,10,True,,,False,2025-10-01,12,True
LT,Lithuania,2025-11,271744.0,,2025,11,True,,,False,2025-11-01,12,True
LT,Lithuania,2025-12,283774.0,,2025,12,True,,,False,2025-12-01,12,True
LT,Lithuania,2026-01,253854.0,,2026,1,True,,,False,2026-01-01,6,False
LT,Lithuania,2026-02,231231.0,,2026,2,True,,,False,2026-02-01,6,False
LT,Lithuania,2026-03,272949.0,,2026,3,True,,,False,2026-03-01,6,False
LT,Lithuania,2026-04,286002.0,,2026,4,True,,,False,2026-04-01,6,False
LT,Lithuania,2026-05,379559.0,,2026,5,True,,,False,2026-05-01,6,False
LT,Lithuania,2026-06,411149.0,,2026,6,True,,,False,2026-06-01,6,False
LT,Lithuania,2026-07,,,2026,7,False,,,False,2026-07-01,6,False
LU,Luxembourg,2021-01,36854.0,,2021,1,True,,,False,2021-01-01,12,True
LU,Luxembourg,2021-02,40247.0,,2021,2,True,,,False,2021-02-01,12,True
LU,Luxembourg,2021-03,49125.0,,2021,3,True,,,False,2021-03-01,12,True
LU,Luxembourg,2021-04,72485.0,,2021,4,True,,,False,2021-04-01,12,True
LU,Luxembourg,2021-05,171145.0,,2021,5,True,,,False,2021-05-01,12,True
LU,Luxembourg,2021-06,180121.0,,2021,6,True,,,False,2021-06-01,12,True
LU,Luxembourg,2021-07,289960.0,,2021,7,True,,,False,2021-07-01,12,True
LU,Luxembourg,2021-08,374291.0,,2021,8,True,,,False,2021-08-01,12,True
LU,Luxembourg,2021-09,182583.0,,2021,9,True,,,False,2021-09-01,12,True
LU,Luxembourg,2021-10,168470.0,,2021,10,True,,,False,2021-10-01,12,True
LU,Luxembourg,2021-11,123651.0,,2021,11,True,,,False,2021-11-01,12,True
LU,Luxembourg,2021-12,99849.0,,2021,12,True,,,False,2021-12-01,12,True
LU,Luxembourg,2022-01,76624.0,,2022,1,True,,,False,2022-01-01,12,True
LU,Luxembourg,2022-02,88828.0,,2022,2,True,,,False,2022-02-01,12,True
LU,Luxembourg,2022-03,123180.0,,2022,3,True,,,False,2022-03-01,12,True
LU,Luxembourg,2022-04,207511.0,,2022,4,True,,,False,2022-04-01,12,True
LU,Luxembourg,2022-05,304233.0,,2022,5,True,,,False,2022-05-01,12,True
LU,Luxembourg,2022-06,306006.0,,2022,6,True,,,False,2022-06-01,12,True
LU,Luxembourg,2022-07,458426.0,,2022,7,True,,,False,2022-07-01,12,True
LU,Luxembourg,2022-08,498189.0,,2022,8,True,,,False,2022-08-01,12,True
LU,Luxembourg,2022-09,247632.0,,2022,9,True,,,False,2022-09-01,12,True
LU,Luxembourg,2022-10,206651.0,,2022,10,True,,,False,2022-10-01,12,True
LU,Luxembourg,2022-11,153745.0,,2022,11,True,,,False,2022-11-01,12,True
LU,Luxembourg,2022-12,136734.0,,2022,12,True,,,False,2022-12-01,12,True
LU,Luxembourg,2023-01,105729.0,,2023,1,True,,,False,2023-01-01,12,True
LU,Luxembourg,2023-02,111082.0,,2023,2,True,,,False,2023-02-01,12,True
LU,Luxembourg,2023-03,136251.0,,2023,3,True,,,False,2023-03-01,12,True
LU,Luxembourg,2023-04,267591.0,,2023,4,True,,,False,2023-04-01,12,True
LU,Luxembourg,2023-05,345661.0,,2023,5,True,,,False,2023-05-01,12,True
LU,Luxembourg,2023-06,328677.0,,2023,6,True,,,False,2023-06-01,12,True
LU,Luxembourg,2023-07,480410.0,,2023,7,True,,,False,2023-07-01,12,True
LU,Luxembourg,2023-08,499580.0,,2023,8,True,,,False,2023-08-01,12,True
LU,Luxembourg,2023-09,248494.0,,2023,9,True,,,False,2023-09-01,12,True
LU,Luxembourg,2023-10,208632.0,,2023,10,True,,,False,2023-10-01,12,True
LU,Luxembourg,2023-11,140649.0,,2023,11,True,,,False,2023-11-01,12,True
LU,Luxembourg,2023-12,139517.0,,2023,12,True,,,False,2023-12-01,12,True
LU,Luxembourg,2024-01,105405.0,,2024,1,True,,,False,2024-01-01,12,True
LU,Luxembourg,2024-02,119375.0,,2024,2,True,,,False,2024-02-01,12,True
LU,Luxembourg,2024-03,143377.0,,2024,3,True,,,False,2024-03-01,12,True
LU,Luxembourg,2024-04,239410.0,,2024,4,True,,,False,2024-04-01,12,True
LU,Luxembourg,2024-05,375222.0,,2024,5,True,,,False,2024-05-01,12,True
LU,Luxembourg,2024-06,342942.0,,2024,6,True,,,False,2024-06-01,12,True
LU,Luxembourg,2024-07,501656.0,,2024,7,True,,,False,2024-07-01,12,True
LU,Luxembourg,2024-08,589187.0,,2024,8,True,,,False,2024-08-01,12,True
LU,Luxembourg,2024-09,273863.0,,2024,9,True,,,False,2024-09-01,12,True
LU,Luxembourg,2024-10,212868.0,,2024,10,True,,,False,2024-10-01,12,True
LU,Luxembourg,2024-11,163176.0,,2024,11,True,,,False,2024-11-01,12,True
LU,Luxembourg,2024-12,159036.0,,2024,12,True,,,False,2024-12-01,12,True
LU,Luxembourg,2025-01,116043.0,,2025,1,True,,,False,2025-01-01,12,True
LU,Luxembourg,2025-02,119233.0,,2025,2,True,,,False,2025-02-01,12,True
LU,Luxembourg,2025-03,145509.0,,2025,3,True,,,False,2025-03-01,12,True
LU,Luxembourg,2025-04,269369.0,,2025,4,True,,,False,2025-04-01,12,True
LU,Luxembourg,2025-05,338507.0,,2025,5,True,,,False,2025-05-01,12,True
LU,Luxembourg,2025-06,347552.0,,2025,6,True,,,False,2025-06-01,12,True
LU,Luxembourg,2025-07,519669.0,,2025,7,True,,,False,2025-07-01,12,True
LU,Luxembourg,2025-08,517734.0,,2025,8,True,,,False,2025-08-01,12,True
LU,Luxembourg,2025-09,251738.0,,2025,9,True,,,False,2025-09-01,12,True
LU,Luxembourg,2025-10,221869.0,,2025,10,True,,,False,2025-10-01,12,True
LU,Luxembourg,2025-11,159292.0,,2025,11,True,,,False,2025-11-01,12,True
LU,Luxembourg,2025-12,170611.0,,2025,12,True,,,False,2025-12-01,12,True
LU,Luxembourg,2026-01,114886.0,,2026,1,True,,,False,2026-01-01,6,False
LU,Luxembourg,2026-02,122944.0,,2026,2,True,,,False,2026-02-01,6,False
LU,Luxembourg,2026-03,154617.0,,2026,3,True,,,False,2026-03-01,6,False
LU,Luxembourg,2026-04,282539.0,,2026,4,True,,,False,2026-04-01,6,False
LU,Luxembourg,2026-05,346769.0,,2026,5,True,,,False,2026-05-01,6,False
LU,Luxembourg,2026-06,328146.0,,2026,6,True,,,False,2026-06-01,6,False
LU,Luxembourg,2026-07,,,2026,7,False,,,False,2026-07-01,6,False
MT,Malta,2021-01,57676.0,,2021,1,True,,,False,2021-01-01,12,True
MT,Malta,2021-02,69623.0,,2021,2,True,,,False,2021-02-01,12,True
MT,Malta,2021-03,54772.0,,2021,3,True,,,False,2021-03-01,12,True
MT,Malta,2021-04,50292.0,,2021,4,True,,,False,2021-04-01,12,True
MT,Malta,2021-05,109964.0,,2021,5,True,,,False,2021-05-01,12,True
MT,Malta,2021-06,315179.0,,2021,6,True,,,False,2021-06-01,12,True
MT,Malta,2021-07,548938.0,,2021,7,True,,,False,2021-07-01,12,True
MT,Malta,2021-08,703567.0,,2021,8,True,,,False,2021-08-01,12,True
MT,Malta,2021-09,660265.0,,2021,9,True,,,False,2021-09-01,12,True
MT,Malta,2021-10,657552.0,,2021,10,True,,,False,2021-10-01,12,True
MT,Malta,2021-11,440461.0,,2021,11,True,,,False,2021-11-01,12,True
MT,Malta,2021-12,272313.0,,2021,12,True,,,False,2021-12-01,12,True
MT,Malta,2022-01,205785.0,,2022,1,True,,,False,2022-01-01,12,True
MT,Malta,2022-02,282866.0,,2022,2,True,,,False,2022-02-01,12,True
MT,Malta,2022-03,398986.0,,2022,3,True,,,False,2022-03-01,12,True
MT,Malta,2022-04,636445.0,,2022,4,True,,,False,2022-04-01,12,True
MT,Malta,2022-05,699112.0,,2022,5,True,,,False,2022-05-01,12,True
MT,Malta,2022-06,774633.0,,2022,6,True,,,False,2022-06-01,12,True
MT,Malta,2022-07,925761.0,,2022,7,True,,,False,2022-07-01,12,True
MT,Malta,2022-08,1031403.0,,2022,8,True,,,False,2022-08-01,12,True
MT,Malta,2022-09,787171.0,,2022,9,True,,,False,2022-09-01,12,True
MT,Malta,2022-10,799810.0,,2022,10,True,,,False,2022-10-01,12,True
MT,Malta,2022-11,574943.0,,2022,11,True,,,False,2022-11-01,12,True
MT,Malta,2022-12,432310.0,,2022,12,True,,,False,2022-12-01,12,True
MT,Malta,2023-01,400851.0,,2023,1,True,,,False,2023-01-01,12,True
MT,Malta,2023-02,473081.0,,2023,2,True,,,False,2023-02-01,12,True
MT,Malta,2023-03,619427.0,,2023,3,True,,,False,2023-03-01,12,True
MT,Malta,2023-04,797912.0,,2023,4,True,,,False,2023-04-01,12,True
MT,Malta,2023-05,836435.0,,2023,5,True,,,False,2023-05-01,12,True
MT,Malta,2023-06,887607.0,,2023,6,True,,,False,2023-06-01,12,True
MT,Malta,2023-07,1032730.0,,2023,7,True,,,False,2023-07-01,12,True
MT,Malta,2023-08,1138505.0,,2023,8,True,,,False,2023-08-01,12,True
MT,Malta,2023-09,901500.0,,2023,9,True,,,False,2023-09-01,12,True
MT,Malta,2023-10,933151.0,,2023,10,True,,,False,2023-10-01,12,True
MT,Malta,2023-11,664201.0,,2023,11,True,,,False,2023-11-01,12,True
MT,Malta,2023-12,521313.0,,2023,12,True,,,False,2023-12-01,12,True
MT,Malta,2024-01,485185.0,,2024,1,True,,,False,2024-01-01,12,True
MT,Malta,2024-02,584607.0,,2024,2,True,,,False,2024-02-01,12,True
MT,Malta,2024-03,745182.0,,2024,3,True,,,False,2024-03-01,12,True
MT,Malta,2024-04,883296.0,,2024,4,True,,,False,2024-04-01,12,True
MT,Malta,2024-05,982881.0,,2024,5,True,,,False,2024-05-01,12,True
MT,Malta,2024-06,990181.0,,2024,6,True,,,False,2024-06-01,12,True
MT,Malta,2024-07,1194279.0,,2024,7,True,,,False,2024-07-01,12,True
MT,Malta,2024-08,1252856.0,,2024,8,True,,,False,2024-08-01,12,True
MT,Malta,2024-09,1017597.0,,2024,9,True,,,False,2024-09-01,12,True
MT,Malta,2024-10,1054683.0,,2024,10,True,,,False,2024-10-01,12,True
MT,Malta,2024-11,800398.0,,2024,11,True,,,False,2024-11-01,12,True
MT,Malta,2024-12,614165.0,,2024,12,True,,,False,2024-12-01,12,True
MT,Malta,2025-01,549618.0,,2025,1,True,,,False,2025-01-01,12,True
MT,Malta,2025-02,700100.0,,2025,2,True,,,False,2025-02-01,12,True
MT,Malta,2025-03,869357.0,,2025,3,True,,,False,2025-03-01,12,True
MT,Malta,2025-04,1020521.0,,2025,4,True,,,False,2025-04-01,12,True
MT,Malta,2025-05,1051878.0,,2025,5,True,,,False,2025-05-01,12,True
MT,Malta,2025-06,1087732.0,,2025,6,True,,,False,2025-06-01,12,True
MT,Malta,2025-07,1254822.0,,2025,7,True,,,False,2025-07-01,12,True
MT,Malta,2025-08,1335968.0,,2025,8,True,,,False,2025-08-01,12,True
MT,Malta,2025-09,1091027.0,,2025,9,True,,,False,2025-09-01,12,True
MT,Malta,2025-10,1206569.0,,2025,10,True,,,False,2025-10-01,12,True
MT,Malta,2025-11,866913.0,,2025,11,True,,,False,2025-11-01,12,True
MT,Malta,2025-12,719250.0,,2025,12,True,,,False,2025-12-01,12,True
MT,Malta,2026-01,660864.0,,2026,1,True,,,False,2026-01-01,6,False
MT,Malta,2026-02,791837.0,,2026,2,True,,,False,2026-02-01,6,False
MT,Malta,2026-03,958418.0,,2026,3,True,,,False,2026-03-01,6,False
MT,Malta,2026-04,1111648.0,,2026,4,True,,,False,2026-04-01,6,False
MT,Malta,2026-05,1182831.0,,2026,5,True,,,False,2026-05-01,6,False
MT,Malta,2026-06,1192391.0,,2026,6,True,,,False,2026-06-01,6,False
MT,Malta,2026-07,,,2026,7,False,,,False,2026-07-01,6,False
NL,Netherlands,2021-01,230604.0,,2021,1,True,,,False,2021-01-01,12,True
NL,Netherlands,2021-02,338210.0,,2021,2,True,,,False,2021-02-01,12,True
NL,Netherlands,2021-03,277195.0,,2021,3,True,,,False,2021-03-01,12,True
NL,Netherlands,2021-04,355048.0,,2021,4,True,,,False,2021-04-01,12,True
NL,Netherlands,2021-05,618859.0,,2021,5,True,,,False,2021-05-01,12,True
NL,Netherlands,2021-06,1230772.0,,2021,6,True,,,False,2021-06-01,12,True
NL,Netherlands,2021-07,3299981.0,,2021,7,True,,,False,2021-07-01,12,True
NL,Netherlands,2021-08,2976915.0,,2021,8,True,,,False,2021-08-01,12,True
NL,Netherlands,2021-09,2691859.0,,2021,9,True,,,False,2021-09-01,12,True
NL,Netherlands,2021-10,3510077.0,,2021,10,True,,,False,2021-10-01,12,True
NL,Netherlands,2021-11,2331018.0,,2021,11,True,,,False,2021-11-01,12,True
NL,Netherlands,2021-12,754229.0,,2021,12,True,,,False,2021-12-01,12,True
NL,Netherlands,2022-01,606290.0,,2022,1,True,,,False,2022-01-01,12,True
NL,Netherlands,2022-02,1223165.0,,2022,2,True,,,False,2022-02-01,12,True
NL,Netherlands,2022-03,2235377.0,,2022,3,True,,,False,2022-03-01,12,True
NL,Netherlands,2022-04,5409559.0,,2022,4,True,,,False,2022-04-01,12,True
NL,Netherlands,2022-05,4087255.0,,2022,5,True,,,False,2022-05-01,12,True
NL,Netherlands,2022-06,4905142.0,,2022,6,True,,,False,2022-06-01,12,True
NL,Netherlands,2022-07,7150659.0,,2022,7,True,,,False,2022-07-01,12,True
NL,Netherlands,2022-08,6745538.0,,2022,8,True,,,False,2022-08-01,12,True
NL,Netherlands,2022-09,4633948.0,,2022,9,True,,,False,2022-09-01,12,True
NL,Netherlands,2022-10,5325436.0,,2022,10,True,,,False,2022-10-01,12,True
NL,Netherlands,2022-11,3280647.0,,2022,11,True,,,False,2022-11-01,12,True
NL,Netherlands,2022-12,2557047.0,,2022,12,True,,,False,2022-12-01,12,True
NL,Netherlands,2023-01,2509108.0,,2023,1,True,,,False,2023-01-01,12,True
NL,Netherlands,2023-02,2648992.0,,2023,2,True,,,False,2023-02-01,12,True
NL,Netherlands,2023-03,3192868.0,,2023,3,True,,,False,2023-03-01,12,True
NL,Netherlands,2023-04,6319688.0,,2023,4,True,,,False,2023-04-01,12,True
NL,Netherlands,2023-05,5830038.0,,2023,5,True,,,False,2023-05-01,12,True
NL,Netherlands,2023-06,5981379.0,,2023,6,True,,,False,2023-06-01,12,True
NL,Netherlands,2023-07,8606579.0,,2023,7,True,,,False,2023-07-01,12,True
NL,Netherlands,2023-08,7098307.0,,2023,8,True,,,False,2023-08-01,12,True
NL,Netherlands,2023-09,5115128.0,,2023,9,True,,,False,2023-09-01,12,True
NL,Netherlands,2023-10,5787653.0,,2023,10,True,,,False,2023-10-01,12,True
NL,Netherlands,2023-11,3315251.0,,2023,11,True,,,False,2023-11-01,12,True
NL,Netherlands,2023-12,2705222.0,,2023,12,True,,,False,2023-12-01,12,True
NL,Netherlands,2024-01,2850932.0,,2024,1,True,,,False,2024-01-01,12,True
NL,Netherlands,2024-02,2772955.0,,2024,2,True,,,False,2024-02-01,12,True
NL,Netherlands,2024-03,4404666.0,,2024,3,True,,,False,2024-03-01,12,True
NL,Netherlands,2024-04,5638946.0,,2024,4,True,,,False,2024-04-01,12,True
NL,Netherlands,2024-05,5999480.0,,2024,5,True,,,False,2024-05-01,12,True
NL,Netherlands,2024-06,5434095.0,,2024,6,True,,,False,2024-06-01,12,True
NL,Netherlands,2024-07,8239291.0,,2024,7,True,,,False,2024-07-01,12,True
NL,Netherlands,2024-08,8516996.0,,2024,8,True,,,False,2024-08-01,12,True
NL,Netherlands,2024-09,5359410.0,,2024,9,True,,,False,2024-09-01,12,True
NL,Netherlands,2024-10,6108248.0,,2024,10,True,,,False,2024-10-01,12,True
NL,Netherlands,2024-11,3263909.0,,2024,11,True,,,False,2024-11-01,12,True
NL,Netherlands,2024-12,2922801.0,,2024,12,True,,,False,2024-12-01,12,True
NL,Netherlands,2025-01,2958625.0,,2025,1,True,,,False,2025-01-01,12,True
NL,Netherlands,2025-02,2653106.0,,2025,2,True,,,False,2025-02-01,12,True
NL,Netherlands,2025-03,3822084.0,,2025,3,True,,,False,2025-03-01,12,True
NL,Netherlands,2025-04,7228886.0,,2025,4,True,,,False,2025-04-01,12,True
NL,Netherlands,2025-05,5204384.0,,2025,5,True,,,False,2025-05-01,12,True
NL,Netherlands,2025-06,6859410.0,,2025,6,True,,,False,2025-06-01,12,True
NL,Netherlands,2025-07,7757849.0,,2025,7,True,,,False,2025-07-01,12,True
NL,Netherlands,2025-08,9231470.0,,2025,8,True,,,False,2025-08-01,12,True
NL,Netherlands,2025-09,5441101.0,,2025,9,True,,,False,2025-09-01,12,True
NL,Netherlands,2025-10,6263976.0,,2025,10,True,,,False,2025-10-01,12,True
NL,Netherlands,2025-11,3403270.0,,2025,11,True,,,False,2025-11-01,12,True
NL,Netherlands,2025-12,3025720.0,,2025,12,True,,,False,2025-12-01,12,True
NL,Netherlands,2026-01,2892639.0,,2026,1,True,,,False,2026-01-01,6,False
NL,Netherlands,2026-02,2778837.0,,2026,2,True,,,False,2026-02-01,6,False
NL,Netherlands,2026-03,3631418.0,,2026,3,True,,,False,2026-03-01,6,False
NL,Netherlands,2026-04,6793253.0,,2026,4,True,,,False,2026-04-01,6,False
NL,Netherlands,2026-05,6152623.0,,2026,5,True,,,False,2026-05-01,6,False
NL,Netherlands,2026-06,6033406.0,,2026,6,True,,,False,2026-06-01,6,False
NL,Netherlands,2026-07,,,2026,7,False,,,False,2026-07-01,6,False
PL,Poland,2021-01,113784.0,,2021,1,True,,,False,2021-01-01,12,True
PL,Poland,2021-02,153507.0,,2021,2,True,,,False,2021-02-01,12,True
PL,Poland,2021-03,175427.0,,2021,3,True,,,False,2021-03-01,12,True
PL,Poland,2021-04,151985.0,,2021,4,True,,,False,2021-04-01,12,True
PL,Poland,2021-05,239983.0,,2021,5,True,,,False,2021-05-01,12,True
PL,Poland,2021-06,467501.0,,2021,6,True,,,False,2021-06-01,12,True
PL,Poland,2021-07,1002760.0,,2021,7,True,,,False,2021-07-01,12,True
PL,Poland,2021-08,1207962.0,,2021,8,True,,,False,2021-08-01,12,True
PL,Poland,2021-09,1028888.0,,2021,9,True,,,False,2021-09-01,12,True
PL,Poland,2021-10,1077942.0,,2021,10,True,,,False,2021-10-01,12,True
PL,Poland,2021-11,810776.0,,2021,11,True,,,False,2021-11-01,12,True
PL,Poland,2021-12,734498.0,,2021,12,True,,,False,2021-12-01,12,True
PL,Poland,2022-01,532108.0,,2022,1,True,,,False,2022-01-01,12,True
PL,Poland,2022-02,687189.0,,2022,2,True,,,False,2022-02-01,12,True
PL,Poland,2022-03,1218111.0,,2022,3,True,,,False,2022-03-01,12,True
PL,Poland,2022-04,1132481.0,,2022,4,True,,,False,2022-04-01,12,True
PL,Poland,2022-05,1158985.0,,2022,5,True,,,False,2022-05-01,12,True
PL,Poland,2022-06,1266860.0,,2022,6,True,,,False,2022-06-01,12,True
PL,Poland,2022-07,1715226.0,,2022,7,True,,,False,2022-07-01,12,True
PL,Poland,2022-08,1809999.0,,2022,8,True,,,False,2022-08-01,12,True
PL,Poland,2022-09,1473784.0,,2022,9,True,,,False,2022-09-01,12,True
PL,Poland,2022-10,1461349.0,,2022,10,True,,,False,2022-10-01,12,True
PL,Poland,2022-11,1114742.0,,2022,11,True,,,False,2022-11-01,12,True
PL,Poland,2022-12,1188412.0,,2022,12,True,,,False,2022-12-01,12,True
PL,Poland,2023-01,974813.0,,2023,1,True,,,False,2023-01-01,12,True
PL,Poland,2023-02,1042473.0,,2023,2,True,,,False,2023-02-01,12,True
PL,Poland,2023-03,1213746.0,,2023,3,True,,,False,2023-03-01,12,True
PL,Poland,2023-04,1335913.0,,2023,4,True,,,False,2023-04-01,12,True
PL,Poland,2023-05,1416120.0,,2023,5,True,,,False,2023-05-01,12,True
PL,Poland,2023-06,1533780.0,,2023,6,True,,,False,2023-06-01,12,True
PL,Poland,2023-07,2021470.0,,2023,7,True,,,False,2023-07-01,12,True
PL,Poland,2023-08,1956772.0,,2023,8,True,,,False,2023-08-01,12,True
PL,Poland,2023-09,1591238.0,,2023,9,True,,,False,2023-09-01,12,True
PL,Poland,2023-10,1502844.0,,2023,10,True,,,False,2023-10-01,12,True
PL,Poland,2023-11,1166883.0,,2023,11,True,,,False,2023-11-01,12,True
PL,Poland,2023-12,1254853.0,,2023,12,True,,,False,2023-12-01,12,True
PL,Poland,2024-01,950823.0,,2024,1,True,,,False,2024-01-01,12,True
PL,Poland,2024-02,1089342.0,,2024,2,True,,,False,2024-02-01,12,True
PL,Poland,2024-03,1300956.0,,2024,3,True,,,False,2024-03-01,12,True
PL,Poland,2024-04,1239120.0,,2024,4,True,,,False,2024-04-01,12,True
PL,Poland,2024-05,1503749.0,,2024,5,True,,,False,2024-05-01,12,True
PL,Poland,2024-06,1614132.0,,2024,6,True,,,False,2024-06-01,12,True
PL,Poland,2024-07,2208230.0,,2024,7,True,,,False,2024-07-01,12,True
PL,Poland,2024-08,2274299.0,,2024,8,True,,,False,2024-08-01,12,True
PL,Poland,2024-09,1703371.0,,2024,9,True,,,False,2024-09-01,12,True
PL,Poland,2024-10,1721466.0,,2024,10,True,,,False,2024-10-01,12,True
PL,Poland,2024-11,1302125.0,,2024,11,True,,,False,2024-11-01,12,True
PL,Poland,2024-12,1484416.0,,2024,12,True,,,False,2024-12-01,12,True
PL,Poland,2025-01,1079963.0,,2025,1,True,,,False,2025-01-01,12,True
PL,Poland,2025-02,1146878.0,,2025,2,True,,,False,2025-02-01,12,True
PL,Poland,2025-03,1322479.0,,2025,3,True,,,False,2025-03-01,12,True
PL,Poland,2025-04,1539842.0,,2025,4,True,,,False,2025-04-01,12,True
PL,Poland,2025-05,1705818.0,,2025,5,True,,,False,2025-05-01,12,True
PL,Poland,2025-06,1823235.0,,2025,6,True,,,False,2025-06-01,12,True
PL,Poland,2025-07,2306653.0,,2025,7,True,,,False,2025-07-01,12,True
PL,Poland,2025-08,2453961.0,,2025,8,True,,,False,2025-08-01,12,True
PL,Poland,2025-09,1835805.0,,2025,9,True,,,False,2025-09-01,12,True
PL,Poland,2025-10,1865988.0,,2025,10,True,,,False,2025-10-01,12,True
PL,Poland,2025-11,1390200.0,,2025,11,True,,,False,2025-11-01,12,True
PL,Poland,2025-12,1746785.0,,2025,12,True,,,False,2025-12-01,12,True
PL,Poland,2026-01,1227672.0,,2026,1,True,,,False,2026-01-01,6,False
PL,Poland,2026-02,1280567.0,,2026,2,True,,,False,2026-02-01,6,False
PL,Poland,2026-03,1523560.0,,2026,3,True,,,False,2026-03-01,6,False
PL,Poland,2026-04,1619197.0,,2026,4,True,,,False,2026-04-01,6,False
PL,Poland,2026-05,1849905.0,,2026,5,True,,,False,2026-05-01,6,False
PL,Poland,2026-06,1842710.0,,2026,6,True,,,False,2026-06-01,6,False
PL,Poland,2026-07,,,2026,7,False,,,False,2026-07-01,6,False
PT,Portugal,2021-01,343298.0,,2021,1,True,,,False,2021-01-01,12,True
PT,Portugal,2021-02,188168.0,,2021,2,True,,,False,2021-02-01,12,True
PT,Portugal,2021-03,219120.0,,2021,3,True,,,False,2021-03-01,12,True
PT,Portugal,2021-04,307645.0,,2021,4,True,,,False,2021-04-01,12,True
PT,Portugal,2021-05,853491.0,,2021,5,True,,,False,2021-05-01,12,True
PT,Portugal,2021-06,1507387.0,,2021,6,True,,,False,2021-06-01,12,True
PT,Portugal,2021-07,2042433.0,,2021,7,True,,,False,2021-07-01,12,True
PT,Portugal,2021-08,3583710.0,,2021,8,True,,,False,2021-08-01,12,True
PT,Portugal,2021-09,3244328.0,,2021,9,True,,,False,2021-09-01,12,True
PT,Portugal,2021-10,3754561.0,,2021,10,True,,,False,2021-10-01,12,True
PT,Portugal,2021-11,2449664.0,,2021,11,True,,,False,2021-11-01,12,True
PT,Portugal,2021-12,1573392.0,,2021,12,True,,,False,2021-12-01,12,True
PT,Portugal,2022-01,1269440.0,,2022,1,True,,,False,2022-01-01,12,True
PT,Portugal,2022-02,1915926.0,,2022,2,True,,,False,2022-02-01,12,True
PT,Portugal,2022-03,2893674.0,,2022,3,True,,,False,2022-03-01,12,True
PT,Portugal,2022-04,4298642.0,,2022,4,True,,,False,2022-04-01,12,True
PT,Portugal,2022-05,4961864.0,,2022,5,True,,,False,2022-05-01,12,True
PT,Portugal,2022-06,5082128.0,,2022,6,True,,,False,2022-06-01,12,True
PT,Portugal,2022-07,6188372.0,,2022,7,True,,,False,2022-07-01,12,True
PT,Portugal,2022-08,6768570.0,,2022,8,True,,,False,2022-08-01,12,True
PT,Portugal,2022-09,5525658.0,,2022,9,True,,,False,2022-09-01,12,True
PT,Portugal,2022-10,5162638.0,,2022,10,True,,,False,2022-10-01,12,True
PT,Portugal,2022-11,3082891.0,,2022,11,True,,,False,2022-11-01,12,True
PT,Portugal,2022-12,2434856.0,,2022,12,True,,,False,2022-12-01,12,True
PT,Portugal,2023-01,2455304.0,,2023,1,True,,,False,2023-01-01,12,True
PT,Portugal,2023-02,2868352.0,,2023,2,True,,,False,2023-02-01,12,True
PT,Portugal,2023-03,3799203.0,,2023,3,True,,,False,2023-03-01,12,True
PT,Portugal,2023-04,5065974.0,,2023,4,True,,,False,2023-04-01,12,True
PT,Portugal,2023-05,5666811.0,,2023,5,True,,,False,2023-05-01,12,True
PT,Portugal,2023-06,5533485.0,,2023,6,True,,,False,2023-06-01,12,True
PT,Portugal,2023-07,6423496.0,,2023,7,True,,,False,2023-07-01,12,True
PT,Portugal,2023-08,7216929.0,,2023,8,True,,,False,2023-08-01,12,True
PT,Portugal,2023-09,6165007.0,,2023,9,True,,,False,2023-09-01,12,True
PT,Portugal,2023-10,5771979.0,,2023,10,True,,,False,2023-10-01,12,True
PT,Portugal,2023-11,3363604.0,,2023,11,True,,,False,2023-11-01,12,True
PT,Portugal,2023-12,2617059.0,,2023,12,True,,,False,2023-12-01,12,True
PT,Portugal,2024-01,2487298.0,,2024,1,True,,,False,2024-01-01,12,True
PT,Portugal,2024-02,3080160.0,,2024,2,True,,,False,2024-02-01,12,True
PT,Portugal,2024-03,4321383.0,,2024,3,True,,,False,2024-03-01,12,True
PT,Portugal,2024-04,5007819.0,,2024,4,True,,,False,2024-04-01,12,True
PT,Portugal,2024-05,6112733.0,,2024,5,True,,,False,2024-05-01,12,True
PT,Portugal,2024-06,5846604.0,,2024,6,True,,,False,2024-06-01,12,True
PT,Portugal,2024-07,6738496.0,,2024,7,True,,,False,2024-07-01,12,True
PT,Portugal,2024-08,7438345.0,,2024,8,True,,,False,2024-08-01,12,True
PT,Portugal,2024-09,6401052.0,,2024,9,True,,,False,2024-09-01,12,True
PT,Portugal,2024-10,5940794.0,,2024,10,True,,,False,2024-10-01,12,True
PT,Portugal,2024-11,3531346.0,,2024,11,True,,,False,2024-11-01,12,True
PT,Portugal,2024-12,2751343.0,,2024,12,True,,,False,2024-12-01,12,True
PT,Portugal,2025-01,2573831.0,,2025,1,True,,,False,2025-01-01,12,True
PT,Portugal,2025-02,2978322.0,,2025,2,True,,,False,2025-02-01,12,True
PT,Portugal,2025-03,4092756.0,,2025,3,True,,,False,2025-03-01,12,True
PT,Portugal,2025-04,5372577.0,,2025,4,True,,,False,2025-04-01,12,True
PT,Portugal,2025-05,6098590.0,,2025,5,True,,,False,2025-05-01,12,True
PT,Portugal,2025-06,5974746.0,,2025,6,True,,,False,2025-06-01,12,True
PT,Portugal,2025-07,6898530.0,,2025,7,True,,,False,2025-07-01,12,True
PT,Portugal,2025-08,7391145.0,,2025,8,True,,,False,2025-08-01,12,True
PT,Portugal,2025-09,6343618.0,,2025,9,True,,,False,2025-09-01,12,True
PT,Portugal,2025-10,6007624.0,,2025,10,True,,,False,2025-10-01,12,True
PT,Portugal,2025-11,3534889.0,,2025,11,True,,,False,2025-11-01,12,True
PT,Portugal,2025-12,2755827.0,,2025,12,True,,,False,2025-12-01,12,True
PT,Portugal,2026-01,2590879.0,,2026,1,True,,,False,2026-01-01,6,False
PT,Portugal,2026-02,2932681.0,,2026,2,True,,,False,2026-02-01,6,False
PT,Portugal,2026-03,4188799.0,,2026,3,True,,,False,2026-03-01,6,False
PT,Portugal,2026-04,5404423.0,,2026,4,True,,,False,2026-04-01,6,False
PT,Portugal,2026-05,6134817.0,,2026,5,True,,,False,2026-05-01,6,False
PT,Portugal,2026-06,5896269.0,,2026,6,True,,,False,2026-06-01,6,False
PT,Portugal,2026-07,,,2026,7,False,,,False,2026-07-01,6,False
RO,Romania,2021-01,46513.0,,2021,1,True,,,False,2021-01-01,12,True
RO,Romania,2021-02,48773.0,,2021,2,True,,,False,2021-02-01,12,True
RO,Romania,2021-03,60642.0,,2021,3,True,,,False,2021-03-01,12,True
RO,Romania,2021-04,58850.0,,2021,4,True,,,False,2021-04-01,12,True
RO,Romania,2021-05,88228.0,,2021,5,True,,,False,2021-05-01,12,True
RO,Romania,2021-06,161429.0,,2021,6,True,,,False,2021-06-01,12,True
RO,Romania,2021-07,288101.0,,2021,7,True,,,False,2021-07-01,12,True
RO,Romania,2021-08,334181.0,,2021,8,True,,,False,2021-08-01,12,True
RO,Romania,2021-09,307007.0,,2021,9,True,,,False,2021-09-01,12,True
RO,Romania,2021-10,228432.0,,2021,10,True,,,False,2021-10-01,12,True
RO,Romania,2021-11,156169.0,,2021,11,True,,,False,2021-11-01,12,True
RO,Romania,2021-12,133532.0,,2021,12,True,,,False,2021-12-01,12,True
RO,Romania,2022-01,126801.0,,2022,1,True,,,False,2022-01-01,12,True
RO,Romania,2022-02,158795.0,,2022,2,True,,,False,2022-02-01,12,True
RO,Romania,2022-03,263128.0,,2022,3,True,,,False,2022-03-01,12,True
RO,Romania,2022-04,243743.0,,2022,4,True,,,False,2022-04-01,12,True
RO,Romania,2022-05,325544.0,,2022,5,True,,,False,2022-05-01,12,True
RO,Romania,2022-06,349804.0,,2022,6,True,,,False,2022-06-01,12,True
RO,Romania,2022-07,396120.0,,2022,7,True,,,False,2022-07-01,12,True
RO,Romania,2022-08,415387.0,,2022,8,True,,,False,2022-08-01,12,True
RO,Romania,2022-09,384217.0,,2022,9,True,,,False,2022-09-01,12,True
RO,Romania,2022-10,362479.0,,2022,10,True,,,False,2022-10-01,12,True
RO,Romania,2022-11,303738.0,,2022,11,True,,,False,2022-11-01,12,True
RO,Romania,2022-12,305423.0,,2022,12,True,,,False,2022-12-01,12,True
RO,Romania,2023-01,283313.0,,2023,1,True,,,False,2023-01-01,12,True
RO,Romania,2023-02,266024.0,,2023,2,True,,,False,2023-02-01,12,True
RO,Romania,2023-03,321684.0,,2023,3,True,,,False,2023-03-01,12,True
RO,Romania,2023-04,333186.0,,2023,4,True,,,False,2023-04-01,12,True
RO,Romania,2023-05,415872.0,,2023,5,True,,,False,2023-05-01,12,True
RO,Romania,2023-06,430568.0,,2023,6,True,,,False,2023-06-01,12,True
RO,Romania,2023-07,479686.0,,2023,7,True,,,False,2023-07-01,12,True
RO,Romania,2023-08,491449.0,,2023,8,True,,,False,2023-08-01,12,True
RO,Romania,2023-09,442207.0,,2023,9,True,,,False,2023-09-01,12,True
RO,Romania,2023-10,393857.0,,2023,10,True,,,False,2023-10-01,12,True
RO,Romania,2023-11,307401.0,,2023,11,True,,,False,2023-11-01,12,True
RO,Romania,2023-12,298973.0,,2023,12,True,,,False,2023-12-01,12,True
RO,Romania,2024-01,272783.0,,2024,1,True,,,False,2024-01-01,12,True
RO,Romania,2024-02,296709.0,,2024,2,True,,,False,2024-02-01,12,True
RO,Romania,2024-03,348588.0,,2024,3,True,,,False,2024-03-01,12,True
RO,Romania,2024-04,381851.0,,2024,4,True,,,False,2024-04-01,12,True
RO,Romania,2024-05,460424.0,,2024,5,True,,,False,2024-05-01,12,True
RO,Romania,2024-06,461703.0,,2024,6,True,,,False,2024-06-01,12,True
RO,Romania,2024-07,525681.0,,2024,7,True,,,False,2024-07-01,12,True
RO,Romania,2024-08,551058.0,,2024,8,True,,,False,2024-08-01,12,True
RO,Romania,2024-09,488897.0,,2024,9,True,,,False,2024-09-01,12,True
RO,Romania,2024-10,440535.0,,2024,10,True,,,False,2024-10-01,12,True
RO,Romania,2024-11,368628.0,,2024,11,True,,,False,2024-11-01,12,True
RO,Romania,2024-12,339182.0,,2024,12,True,,,False,2024-12-01,12,True
RO,Romania,2025-01,300462.0,,2025,1,True,,,False,2025-01-01,12,True
RO,Romania,2025-02,299759.0,,2025,2,True,,,False,2025-02-01,12,True
RO,Romania,2025-03,360331.0,,2025,3,True,,,False,2025-03-01,12,True
RO,Romania,2025-04,393819.0,,2025,4,True,,,False,2025-04-01,12,True
RO,Romania,2025-05,492895.0,,2025,5,True,,,False,2025-05-01,12,True
RO,Romania,2025-06,490967.0,,2025,6,True,,,False,2025-06-01,12,True
RO,Romania,2025-07,526413.0,,2025,7,True,,,False,2025-07-01,12,True
RO,Romania,2025-08,579852.0,,2025,8,True,,,False,2025-08-01,12,True
RO,Romania,2025-09,534483.0,,2025,9,True,,,False,2025-09-01,12,True
RO,Romania,2025-10,514722.0,,2025,10,True,,,False,2025-10-01,12,True
RO,Romania,2025-11,407847.0,,2025,11,True,,,False,2025-11-01,12,True
RO,Romania,2025-12,425141.0,,2025,12,True,,,False,2025-12-01,12,True
RO,Romania,2026-01,324096.0,,2026,1,True,,,False,2026-01-01,6,False
RO,Romania,2026-02,314844.0,,2026,2,True,,,False,2026-02-01,6,False
RO,Romania,2026-03,356532.0,,2026,3,True,,,False,2026-03-01,6,False
RO,Romania,2026-04,379351.0,,2026,4,True,,,False,2026-04-01,6,False
RO,Romania,2026-05,557192.0,,2026,5,True,,,False,2026-05-01,6,False
RO,Romania,2026-06,550172.0,,2026,6,True,,,False,2026-06-01,6,False
RO,Romania,2026-07,,,2026,7,False,,,False,2026-07-01,6,False
SK,Slovakia,2021-01,16455.0,,2021,1,True,,,False,2021-01-01,12,True
SK,Slovakia,2021-02,19504.0,,2021,2,True,,,False,2021-02-01,12,True
SK,Slovakia,2021-03,18029.0,,2021,3,True,,,False,2021-03-01,12,True
SK,Slovakia,2021-04,19561.0,,2021,4,True,,,False,2021-04-01,12,True
SK,Slovakia,2021-05,40566.0,,2021,5,True,,,False,2021-05-01,12,True
SK,Slovakia,2021-06,110398.0,,2021,6,True,,,False,2021-06-01,12,True
SK,Slovakia,2021-07,269015.0,,2021,7,True,,,False,2021-07-01,12,True
SK,Slovakia,2021-08,319606.0,,2021,8,True,,,False,2021-08-01,12,True
SK,Slovakia,2021-09,273470.0,,2021,9,True,,,False,2021-09-01,12,True
SK,Slovakia,2021-10,193593.0,,2021,10,True,,,False,2021-10-01,12,True
SK,Slovakia,2021-11,94662.0,,2021,11,True,,,False,2021-11-01,12,True
SK,Slovakia,2021-12,49529.0,,2021,12,True,,,False,2021-12-01,12,True
SK,Slovakia,2022-01,115924.0,,2022,1,True,,,False,2022-01-01,12,True
SK,Slovakia,2022-02,189071.0,,2022,2,True,,,False,2022-02-01,12,True
SK,Slovakia,2022-03,203924.0,,2022,3,True,,,False,2022-03-01,12,True
SK,Slovakia,2022-04,212814.0,,2022,4,True,,,False,2022-04-01,12,True
SK,Slovakia,2022-05,272476.0,,2022,5,True,,,False,2022-05-01,12,True
SK,Slovakia,2022-06,347258.0,,2022,6,True,,,False,2022-06-01,12,True
SK,Slovakia,2022-07,546366.0,,2022,7,True,,,False,2022-07-01,12,True
SK,Slovakia,2022-08,558142.0,,2022,8,True,,,False,2022-08-01,12,True
SK,Slovakia,2022-09,381132.0,,2022,9,True,,,False,2022-09-01,12,True
SK,Slovakia,2022-10,335871.0,,2022,10,True,,,False,2022-10-01,12,True
SK,Slovakia,2022-11,239386.0,,2022,11,True,,,False,2022-11-01,12,True
SK,Slovakia,2022-12,248736.0,,2022,12,True,,,False,2022-12-01,12,True
SK,Slovakia,2023-01,283162.0,,2023,1,True,,,False,2023-01-01,12,True
SK,Slovakia,2023-02,346808.0,,2023,2,True,,,False,2023-02-01,12,True
SK,Slovakia,2023-03,311337.0,,2023,3,True,,,False,2023-03-01,12,True
SK,Slovakia,2023-04,306029.0,,2023,4,True,,,False,2023-04-01,12,True
SK,Slovakia,2023-05,364494.0,,2023,5,True,,,False,2023-05-01,12,True
SK,Slovakia,2023-06,421661.0,,2023,6,True,,,False,2023-06-01,12,True
SK,Slovakia,2023-07,686518.0,,2023,7,True,,,False,2023-07-01,12,True
SK,Slovakia,2023-08,676092.0,,2023,8,True,,,False,2023-08-01,12,True
SK,Slovakia,2023-09,459624.0,,2023,9,True,,,False,2023-09-01,12,True
SK,Slovakia,2023-10,327528.0,,2023,10,True,,,False,2023-10-01,12,True
SK,Slovakia,2023-11,251995.0,,2023,11,True,,,False,2023-11-01,12,True
SK,Slovakia,2023-12,284958.0,,2023,12,True,,,False,2023-12-01,12,True
SK,Slovakia,2024-01,323282.0,,2024,1,True,,,False,2024-01-01,12,True
SK,Slovakia,2024-02,405690.0,,2024,2,True,,,False,2024-02-01,12,True
SK,Slovakia,2024-03,327301.0,,2024,3,True,,,False,2024-03-01,12,True
SK,Slovakia,2024-04,290230.0,,2024,4,True,,,False,2024-04-01,12,True
SK,Slovakia,2024-05,410527.0,,2024,5,True,,,False,2024-05-01,12,True
SK,Slovakia,2024-06,436000.0,,2024,6,True,,,False,2024-06-01,12,True
SK,Slovakia,2024-07,665163.0,,2024,7,True,,,False,2024-07-01,12,True
SK,Slovakia,2024-08,658940.0,,2024,8,True,,,False,2024-08-01,12,True
SK,Slovakia,2024-09,410106.0,,2024,9,True,,,False,2024-09-01,12,True
SK,Slovakia,2024-10,373511.0,,2024,10,True,,,False,2024-10-01,12,True
SK,Slovakia,2024-11,273061.0,,2024,11,True,,,False,2024-11-01,12,True
SK,Slovakia,2024-12,324031.0,,2024,12,True,,,False,2024-12-01,12,True
SK,Slovakia,2025-01,370558.0,,2025,1,True,,,False,2025-01-01,12,True
SK,Slovakia,2025-02,441056.0,,2025,2,True,,,False,2025-02-01,12,True
SK,Slovakia,2025-03,315894.0,,2025,3,True,,,False,2025-03-01,12,True
SK,Slovakia,2025-04,339741.0,,2025,4,True,,,False,2025-04-01,12,True
SK,Slovakia,2025-05,423748.0,,2025,5,True,,,False,2025-05-01,12,True
SK,Slovakia,2025-06,496067.0,,2025,6,True,,,False,2025-06-01,12,True
SK,Slovakia,2025-07,646072.0,,2025,7,True,,,False,2025-07-01,12,True
SK,Slovakia,2025-08,763624.0,,2025,8,True,,,False,2025-08-01,12,True
SK,Slovakia,2025-09,470375.0,,2025,9,True,,,False,2025-09-01,12,True
SK,Slovakia,2025-10,419297.0,,2025,10,True,,,False,2025-10-01,12,True
SK,Slovakia,2025-11,321000.0,,2025,11,True,,,False,2025-11-01,12,True
SK,Slovakia,2025-12,399597.0,,2025,12,True,,,False,2025-12-01,12,True
SK,Slovakia,2026-01,445692.0,,2026,1,True,,,False,2026-01-01,6,False
SK,Slovakia,2026-02,496338.0,,2026,2,True,,,False,2026-02-01,6,False
SK,Slovakia,2026-03,358651.0,,2026,3,True,,,False,2026-03-01,6,False
SK,Slovakia,2026-04,374485.0,,2026,4,True,,,False,2026-04-01,6,False
SK,Slovakia,2026-05,462629.0,,2026,5,True,,,False,2026-05-01,6,False
SK,Slovakia,2026-06,496067.0,,2026,6,True,,,False,2026-06-01,6,False
SK,Slovakia,2026-07,,,2026,7,False,,,False,2026-07-01,6,False
SI,Slovenia,2021-01,26210.0,,2021,1,True,,,False,2021-01-01,12,True
SI,Slovenia,2021-02,41150.0,,2021,2,True,,,False,2021-02-01,12,True
SI,Slovenia,2021-03,50874.0,,2021,3,True,,,False,2021-03-01,12,True
SI,Slovenia,2021-04,41493.0,,2021,4,True,,,False,2021-04-01,12,True
SI,Slovenia,2021-05,102254.0,,2021,5,True,,,False,2021-05-01,12,True
SI,Slovenia,2021-06,315510.0,,2021,6,True,,,False,2021-06-01,12,True
SI,Slovenia,2021-07,1040392.0,,2021,7,True,,,False,2021-07-01,12,True
SI,Slovenia,2021-08,1530731.0,,2021,8,True,,,False,2021-08-01,12,True
SI,Slovenia,2021-09,784999.0,,2021,9,True,,,False,2021-09-01,12,True
SI,Slovenia,2021-10,409164.0,,2021,10,True,,,False,2021-10-01,12,True
SI,Slovenia,2021-11,218453.0,,2021,11,True,,,False,2021-11-01,12,True
SI,Slovenia,2021-12,219345.0,,2021,12,True,,,False,2021-12-01,12,True
SI,Slovenia,2022-01,287911.0,,2022,1,True,,,False,2022-01-01,12,True
SI,Slovenia,2022-02,286949.0,,2022,2,True,,,False,2022-02-01,12,True
SI,Slovenia,2022-03,334431.0,,2022,3,True,,,False,2022-03-01,12,True
SI,Slovenia,2022-04,530692.0,,2022,4,True,,,False,2022-04-01,12,True
SI,Slovenia,2022-05,657430.0,,2022,5,True,,,False,2022-05-01,12,True
SI,Slovenia,2022-06,1091570.0,,2022,6,True,,,False,2022-06-01,12,True
SI,Slovenia,2022-07,1989651.0,,2022,7,True,,,False,2022-07-01,12,True
SI,Slovenia,2022-08,2332930.0,,2022,8,True,,,False,2022-08-01,12,True
SI,Slovenia,2022-09,1090092.0,,2022,9,True,,,False,2022-09-01,12,True
SI,Slovenia,2022-10,660039.0,,2022,10,True,,,False,2022-10-01,12,True
SI,Slovenia,2022-11,361696.0,,2022,11,True,,,False,2022-11-01,12,True
SI,Slovenia,2022-12,431932.0,,2022,12,True,,,False,2022-12-01,12,True
SI,Slovenia,2023-01,483670.0,,2023,1,True,,,False,2023-01-01,12,True
SI,Slovenia,2023-02,426044.0,,2023,2,True,,,False,2023-02-01,12,True
SI,Slovenia,2023-03,403583.0,,2023,3,True,,,False,2023-03-01,12,True
SI,Slovenia,2023-04,735787.0,,2023,4,True,,,False,2023-04-01,12,True
SI,Slovenia,2023-05,901096.0,,2023,5,True,,,False,2023-05-01,12,True
SI,Slovenia,2023-06,1269364.0,,2023,6,True,,,False,2023-06-01,12,True
SI,Slovenia,2023-07,2292928.0,,2023,7,True,,,False,2023-07-01,12,True
SI,Slovenia,2023-08,2268266.0,,2023,8,True,,,False,2023-08-01,12,True
SI,Slovenia,2023-09,1186946.0,,2023,9,True,,,False,2023-09-01,12,True
SI,Slovenia,2023-10,694036.0,,2023,10,True,,,False,2023-10-01,12,True
SI,Slovenia,2023-11,378633.0,,2023,11,True,,,False,2023-11-01,12,True
SI,Slovenia,2023-12,492521.0,,2023,12,True,,,False,2023-12-01,12,True
SI,Slovenia,2024-01,471265.0,,2024,1,True,,,False,2024-01-01,12,True
SI,Slovenia,2024-02,450638.0,,2024,2,True,,,False,2024-02-01,12,True
SI,Slovenia,2024-03,536879.0,,2024,3,True,,,False,2024-03-01,12,True
SI,Slovenia,2024-04,650990.0,,2024,4,True,,,False,2024-04-01,12,True
SI,Slovenia,2024-05,1059176.0,,2024,5,True,,,False,2024-05-01,12,True
SI,Slovenia,2024-06,1223738.0,,2024,6,True,,,False,2024-06-01,12,True
SI,Slovenia,2024-07,2310905.0,,2024,7,True,,,False,2024-07-01,12,True
SI,Slovenia,2024-08,2628941.0,,2024,8,True,,,False,2024-08-01,12,True
SI,Slovenia,2024-09,1241424.0,,2024,9,True,,,False,2024-09-01,12,True
SI,Slovenia,2024-10,771111.0,,2024,10,True,,,False,2024-10-01,12,True
SI,Slovenia,2024-11,461910.0,,2024,11,True,,,False,2024-11-01,12,True
SI,Slovenia,2024-12,529874.0,,2024,12,True,,,False,2024-12-01,12,True
SI,Slovenia,2025-01,509431.0,,2025,1,True,,,False,2025-01-01,12,True
SI,Slovenia,2025-02,437120.0,,2025,2,True,,,False,2025-02-01,12,True
SI,Slovenia,2025-03,461798.0,,2025,3,True,,,False,2025-03-01,12,True
SI,Slovenia,2025-04,845592.0,,2025,4,True,,,False,2025-04-01,12,True
SI,Slovenia,2025-05,1085126.0,,2025,5,True,,,False,2025-05-01,12,True
SI,Slovenia,2025-06,1521637.0,,2025,6,True,,,False,2025-06-01,12,True
SI,Slovenia,2025-07,2453667.0,,2025,7,True,,,False,2025-07-01,12,True
SI,Slovenia,2025-08,2733849.0,,2025,8,True,,,False,2025-08-01,12,True
SI,Slovenia,2025-09,1394968.0,,2025,9,True,,,False,2025-09-01,12,True
SI,Slovenia,2025-10,865507.0,,2025,10,True,,,False,2025-10-01,12,True
SI,Slovenia,2025-11,448798.0,,2025,11,True,,,False,2025-11-01,12,True
SI,Slovenia,2025-12,587378.0,,2025,12,True,,,False,2025-12-01,12,True
SI,Slovenia,2026-01,577123.0,,2026,1,True,,,False,2026-01-01,7,False
SI,Slovenia,2026-02,460643.0,,2026,2,True,,,False,2026-02-01,7,False
SI,Slovenia,2026-03,517269.0,,2026,3,True,,,False,2026-03-01,7,False
SI,Slovenia,2026-04,845008.0,,2026,4,True,,,False,2026-04-01,7,False
SI,Slovenia,2026-05,1248994.0,,2026,5,True,,,False,2026-05-01,7,False
SI,Slovenia,2026-06,1544861.0,,2026,6,True,,,False,2026-06-01,7,False
SI,Slovenia,2026-07,2700927.0,,2026,7,True,,,False,2026-07-01,7,False
ES,Spain,2021-01,1579215.0,,2021,1,True,,,False,2021-01-01,12,True
ES,Spain,2021-02,1332750.0,,2021,2,True,,,False,2021-02-01,12,True
ES,Spain,2021-03,1726350.0,,2021,3,True,,,False,2021-03-01,12,True
ES,Spain,2021-04,2046961.0,,2021,4,True,,,False,2021-04-01,12,True
ES,Spain,2021-05,3703463.0,,2021,5,True,,,False,2021-05-01,12,True
ES,Spain,2021-06,7074987.0,,2021,6,True,,,False,2021-06-01,12,True
ES,Spain,2021-07,15942863.0,,2021,7,True,,,False,2021-07-01,12,True
ES,Spain,2021-08,21064398.0,,2021,8,True,,,False,2021-08-01,12,True
ES,Spain,2021-09,18454349.0,,2021,9,True,,,False,2021-09-01,12,True
ES,Spain,2021-10,18964123.0,,2021,10,True,,,False,2021-10-01,12,True
ES,Spain,2021-11,12336635.0,,2021,11,True,,,False,2021-11-01,12,True
ES,Spain,2021-12,10119039.0,,2021,12,True,,,False,2021-12-01,12,True
ES,Spain,2022-01,9379822.0,,2022,1,True,,,False,2022-01-01,12,True
ES,Spain,2022-02,11227083.0,,2022,2,True,,,False,2022-02-01,12,True
ES,Spain,2022-03,14596049.0,,2022,3,True,,,False,2022-03-01,12,True
ES,Spain,2022-04,19584786.0,,2022,4,True,,,False,2022-04-01,12,True
ES,Spain,2022-05,25458937.0,,2022,5,True,,,False,2022-05-01,12,True
ES,Spain,2022-06,29642070.0,,2022,6,True,,,False,2022-06-01,12,True
ES,Spain,2022-07,36914518.0,,2022,7,True,,,False,2022-07-01,12,True
ES,Spain,2022-08,39152886.0,,2022,8,True,,,False,2022-08-01,12,True
ES,Spain,2022-09,31205075.0,,2022,9,True,,,False,2022-09-01,12,True
ES,Spain,2022-10,26080829.0,,2022,10,True,,,False,2022-10-01,12,True
ES,Spain,2022-11,14703802.0,,2022,11,True,,,False,2022-11-01,12,True
ES,Spain,2022-12,13495049.0,,2022,12,True,,,False,2022-12-01,12,True
ES,Spain,2023-01,14091000.0,,2023,1,True,,,False,2023-01-01,12,True
ES,Spain,2023-02,14655043.0,,2023,2,True,,,False,2023-02-01,12,True
ES,Spain,2023-03,17182049.0,,2023,3,True,,,False,2023-03-01,12,True
ES,Spain,2023-04,22717329.0,,2023,4,True,,,False,2023-04-01,12,True
ES,Spain,2023-05,29001369.0,,2023,5,True,,,False,2023-05-01,12,True
ES,Spain,2023-06,31034022.0,,2023,6,True,,,False,2023-06-01,12,True
ES,Spain,2023-07,38075572.0,,2023,7,True,,,False,2023-07-01,12,True
ES,Spain,2023-08,40386486.0,,2023,8,True,,,False,2023-08-01,12,True
ES,Spain,2023-09,33920963.0,,2023,9,True,,,False,2023-09-01,12,True
ES,Spain,2023-10,29323308.0,,2023,10,True,,,False,2023-10-01,12,True
ES,Spain,2023-11,16569296.0,,2023,11,True,,,False,2023-11-01,12,True
ES,Spain,2023-12,14970765.0,,2023,12,True,,,False,2023-12-01,12,True
ES,Spain,2024-01,15418285.0,,2024,1,True,,,False,2024-01-01,12,True
ES,Spain,2024-02,16566073.0,,2024,2,True,,,False,2024-02-01,12,True
ES,Spain,2024-03,20357714.0,,2024,3,True,,,False,2024-03-01,12,True
ES,Spain,2024-04,23846654.0,,2024,4,True,,,False,2024-04-01,12,True
ES,Spain,2024-05,32208392.0,,2024,5,True,,,False,2024-05-01,12,True
ES,Spain,2024-06,33170539.0,,2024,6,True,,,False,2024-06-01,12,True
ES,Spain,2024-07,39778434.0,,2024,7,True,,,False,2024-07-01,12,True
ES,Spain,2024-08,42118813.0,,2024,8,True,,,False,2024-08-01,12,True
ES,Spain,2024-09,35281812.0,,2024,9,True,,,False,2024-09-01,12,True
ES,Spain,2024-10,31165410.0,,2024,10,True,,,False,2024-10-01,12,True
ES,Spain,2024-11,17040340.0,,2024,11,True,,,False,2024-11-01,12,True
ES,Spain,2024-12,15243500.0,,2024,12,True,,,False,2024-12-01,12,True
ES,Spain,2025-01,16013832.0,,2025,1,True,,,False,2025-01-01,12,True
ES,Spain,2025-02,16773445.0,,2025,2,True,,,False,2025-02-01,12,True
ES,Spain,2025-03,19682204.0,,2025,3,True,,,False,2025-03-01,12,True
ES,Spain,2025-04,24742721.0,,2025,4,True,,,False,2025-04-01,12,True
ES,Spain,2025-05,31693677.0,,2025,5,True,,,False,2025-05-01,12,True
ES,Spain,2025-06,34837287.0,,2025,6,True,,,False,2025-06-01,12,True
ES,Spain,2025-07,41096711.0,,2025,7,True,,,False,2025-07-01,12,True
ES,Spain,2025-08,42701346.0,,2025,8,True,,,False,2025-08-01,12,True
ES,Spain,2025-09,35841423.0,,2025,9,True,,,False,2025-09-01,12,True
ES,Spain,2025-10,31777187.0,,2025,10,True,,,False,2025-10-01,12,True
ES,Spain,2025-11,17650520.0,,2025,11,True,,,False,2025-11-01,12,True
ES,Spain,2025-12,16117832.0,,2025,12,True,,,False,2025-12-01,12,True
ES,Spain,2026-01,16525856.0,,2026,1,True,,,False,2026-01-01,6,False
ES,Spain,2026-02,17116434.0,,2026,2,True,,,False,2026-02-01,6,False
ES,Spain,2026-03,20444105.0,,2026,3,True,,,False,2026-03-01,6,False
ES,Spain,2026-04,24936076.0,,2026,4,True,,,False,2026-04-01,6,False
ES,Spain,2026-05,32857954.0,,2026,5,True,,,False,2026-05-01,6,False
ES,Spain,2026-06,33929419.0,,2026,6,True,,,False,2026-06-01,6,False
ES,Spain,2026-07,,,2026,7,False,,,False,2026-07-01,6,False
SE,Sweden,2021-01,182461.0,,2021,1,True,,,False,2021-01-01,12,True
SE,Sweden,2021-02,206220.0,,2021,2,True,,,False,2021-02-01,12,True
SE,Sweden,2021-03,207771.0,,2021,3,True,,,False,2021-03-01,12,True
SE,Sweden,2021-04,205194.0,,2021,4,True,,,False,2021-04-01,12,True
SE,Sweden,2021-05,262746.0,,2021,5,True,,,False,2021-05-01,12,True
SE,Sweden,2021-06,416934.0,,2021,6,True,,,False,2021-06-01,12,True
SE,Sweden,2021-07,1313417.0,,2021,7,True,,,False,2021-07-01,12,True
SE,Sweden,2021-08,1397317.0,,2021,8,True,,,False,2021-08-01,12,True
SE,Sweden,2021-09,639590.0,,2021,9,True,,,False,2021-09-01,12,True
SE,Sweden,2021-10,634840.0,,2021,10,True,,,False,2021-10-01,12,True
SE,Sweden,2021-11,548123.0,,2021,11,True,,,False,2021-11-01,12,True
SE,Sweden,2021-12,480785.0,,2021,12,True,,,False,2021-12-01,12,True
SE,Sweden,2022-01,399117.0,,2022,1,True,,,False,2022-01-01,12,True
SE,Sweden,2022-02,570963.0,,2022,2,True,,,False,2022-02-01,12,True
SE,Sweden,2022-03,645213.0,,2022,3,True,,,False,2022-03-01,12,True
SE,Sweden,2022-04,791052.0,,2022,4,True,,,False,2022-04-01,12,True
SE,Sweden,2022-05,993247.0,,2022,5,True,,,False,2022-05-01,12,True
SE,Sweden,2022-06,1637033.0,,2022,6,True,,,False,2022-06-01,12,True
SE,Sweden,2022-07,3504640.0,,2022,7,True,,,False,2022-07-01,12,True
SE,Sweden,2022-08,2310851.0,,2022,8,True,,,False,2022-08-01,12,True
SE,Sweden,2022-09,979557.0,,2022,9,True,,,False,2022-09-01,12,True
SE,Sweden,2022-10,823542.0,,2022,10,True,,,False,2022-10-01,12,True
SE,Sweden,2022-11,638319.0,,2022,11,True,,,False,2022-11-01,12,True
SE,Sweden,2022-12,673881.0,,2022,12,True,,,False,2022-12-01,12,True
SE,Sweden,2023-01,642708.0,,2023,1,True,,,False,2023-01-01,12,True
SE,Sweden,2023-02,757903.0,,2023,2,True,,,False,2023-02-01,12,True
SE,Sweden,2023-03,747586.0,,2023,3,True,,,False,2023-03-01,12,True
SE,Sweden,2023-04,849970.0,,2023,4,True,,,False,2023-04-01,12,True
SE,Sweden,2023-05,1160476.0,,2023,5,True,,,False,2023-05-01,12,True
SE,Sweden,2023-06,1758932.0,,2023,6,True,,,False,2023-06-01,12,True
SE,Sweden,2023-07,3765936.0,,2023,7,True,,,False,2023-07-01,12,True
SE,Sweden,2023-08,2459823.0,,2023,8,True,,,False,2023-08-01,12,True
SE,Sweden,2023-09,1080989.0,,2023,9,True,,,False,2023-09-01,12,True
SE,Sweden,2023-10,887099.0,,2023,10,True,,,False,2023-10-01,12,True
SE,Sweden,2023-11,677238.0,,2023,11,True,,,False,2023-11-01,12,True
SE,Sweden,2023-12,791382.0,,2023,12,True,,,False,2023-12-01,12,True
SE,Sweden,2024-01,707880.0,,2024,1,True,,,False,2024-01-01,12,True
SE,Sweden,2024-02,883487.0,,2024,2,True,,,False,2024-02-01,12,True
SE,Sweden,2024-03,933790.0,,2024,3,True,,,False,2024-03-01,12,True
SE,Sweden,2024-04,803242.0,,2024,4,True,,,False,2024-04-01,12,True
SE,Sweden,2024-05,1358803.0,,2024,5,True,,,False,2024-05-01,12,True
SE,Sweden,2024-06,1921503.0,,2024,6,True,,,False,2024-06-01,12,True
SE,Sweden,2024-07,3851778.0,,2024,7,True,,,False,2024-07-01,12,True
SE,Sweden,2024-08,2692507.0,,2024,8,True,,,False,2024-08-01,12,True
SE,Sweden,2024-09,1195327.0,,2024,9,True,,,False,2024-09-01,12,True
SE,Sweden,2024-10,973357.0,,2024,10,True,,,False,2024-10-01,12,True
SE,Sweden,2024-11,793605.0,,2024,11,True,,,False,2024-11-01,12,True
SE,Sweden,2024-12,892383.0,,2024,12,True,,,False,2024-12-01,12,True
SE,Sweden,2025-01,766313.0,,2025,1,True,,,False,2025-01-01,12,True
SE,Sweden,2025-02,883409.0,,2025,2,True,,,False,2025-02-01,12,True
SE,Sweden,2025-03,904707.0,,2025,3,True,,,False,2025-03-01,12,True
SE,Sweden,2025-04,965252.0,,2025,4,True,,,False,2025-04-01,12,True
SE,Sweden,2025-05,1284280.0,,2025,5,True,,,False,2025-05-01,12,True
SE,Sweden,2025-06,2008501.0,,2025,6,True,,,False,2025-06-01,12,True
SE,Sweden,2025-07,3915573.0,,2025,7,True,,,False,2025-07-01,12,True
SE,Sweden,2025-08,2867545.0,,2025,8,True,,,False,2025-08-01,12,True
SE,Sweden,2025-09,1223859.0,,2025,9,True,,,False,2025-09-01,12,True
SE,Sweden,2025-10,1001339.0,,2025,10,True,,,False,2025-10-01,12,True
SE,Sweden,2025-11,748428.0,,2025,11,True,,,False,2025-11-01,12,True
SE,Sweden,2025-12,909581.0,,2025,12,True,,,False,2025-12-01,12,True
SE,Sweden,2026-01,704866.0,,2026,1,True,,,False,2026-01-01,6,False
SE,Sweden,2026-02,854776.0,,2026,2,True,,,False,2026-02-01,6,False
SE,Sweden,2026-03,899899.0,,2026,3,True,,,False,2026-03-01,6,False
SE,Sweden,2026-04,931321.0,,2026,4,True,,,False,2026-04-01,6,False
SE,Sweden,2026-05,1390398.0,,2026,5,True,,,False,2026-05-01,6,False
SE,Sweden,2026-06,2157517.0,,2026,6,True,,,False,2026-06-01,6,False
SE,Sweden,2026-07,,,2026,7,False,,,False,2026-07-01,6,False
