country_code,country,period,foreign_arrivals,status,year,month,value_available,is_estimated,is_low_reliability,is_confidential,date,months_available,complete_12_month_year
AT,Austria,2021-01,39058.0,,2021,1,True,,,False,2021-01-01,12,True
AT,Austria,2021-02,43690.0,,2021,2,True,,,False,2021-02-01,12,True
AT,Austria,2021-03,54888.0,,2021,3,True,,,False,2021-03-01,12,True
AT,Austria,2021-04,57536.0,,2021,4,True,,,False,2021-04-01,12,True
AT,Austria,2021-05,312967.0,,2021,5,True,,,False,2021-05-01,12,True
AT,Austria,2021-06,918347.0,,2021,6,True,,,False,2021-06-01,12,True
AT,Austria,2021-07,2214022.0,,2021,7,True,,,False,2021-07-01,12,True
AT,Austria,2021-08,2894854.0,,2021,8,True,,,False,2021-08-01,12,True
AT,Austria,2021-09,1897910.0,,2021,9,True,,,False,2021-09-01,12,True
AT,Austria,2021-10,1322877.0,,2021,10,True,,,False,2021-10-01,12,True
AT,Austria,2021-11,488331.0,,2021,11,True,,,False,2021-11-01,12,True
AT,Austria,2021-12,853604.0,,2021,12,True,,,False,2021-12-01,12,True
AT,Austria,2022-01,1315950.0,,2022,1,True,,,False,2022-01-01,12,True
AT,Austria,2022-02,1783825.0,,2022,2,True,,,False,2022-02-01,12,True
AT,Austria,2022-03,1641977.0,,2022,3,True,,,False,2022-03-01,12,True
AT,Austria,2022-04,1251136.0,,2022,4,True,,,False,2022-04-01,12,True
AT,Austria,2022-05,1292392.0,,2022,5,True,,,False,2022-05-01,12,True
AT,Austria,2022-06,2152613.0,,2022,6,True,,,False,2022-06-01,12,True
AT,Austria,2022-07,3230062.0,,2022,7,True,,,False,2022-07-01,12,True
AT,Austria,2022-08,3345872.0,,2022,8,True,,,False,2022-08-01,12,True
AT,Austria,2022-09,2213755.0,,2022,9,True,,,False,2022-09-01,12,True
AT,Austria,2022-10,1567185.0,,2022,10,True,,,False,2022-10-01,12,True
AT,Austria,2022-11,969505.0,,2022,11,True,,,False,2022-11-01,12,True
AT,Austria,2022-12,2110061.0,,2022,12,True,,,False,2022-12-01,12,True
AT,Austria,2023-01,2233219.0,,2023,1,True,,,False,2023-01-01,12,True
AT,Austria,2023-02,2470134.0,,2023,2,True,,,False,2023-02-01,12,True
AT,Austria,2023-03,2033428.0,,2023,3,True,,,False,2023-03-01,12,True
AT,Austria,2023-04,1575648.0,,2023,4,True,,,False,2023-04-01,12,True
AT,Austria,2023-05,1703390.0,,2023,5,True,,,False,2023-05-01,12,True
AT,Austria,2023-06,2466592.0,,2023,6,True,,,False,2023-06-01,12,True
AT,Austria,2023-07,3516974.0,,2023,7,True,,,False,2023-07-01,12,True
AT,Austria,2023-08,3464494.0,,2023,8,True,,,False,2023-08-01,12,True
AT,Austria,2023-09,2567142.0,,2023,9,True,,,False,2023-09-01,12,True
AT,Austria,2023-10,1696261.0,,2023,10,True,,,False,2023-10-01,12,True
AT,Austria,2023-11,1112206.0,,2023,11,True,,,False,2023-11-01,12,True
AT,Austria,2023-12,2373325.0,,2023,12,True,,,False,2023-12-01,12,True
AT,Austria,2024-01,2358309.0,,2024,1,True,,,False,2024-01-01,12,True
AT,Austria,2024-02,2630802.0,,2024,2,True,,,False,2024-02-01,12,True
AT,Austria,2024-03,2406356.0,,2024,3,True,,,False,2024-03-01,12,True
AT,Austria,2024-04,1315446.0,,2024,4,True,,,False,2024-04-01,12,True
AT,Austria,2024-05,2005575.0,,2024,5,True,,,False,2024-05-01,12,True
AT,Austria,2024-06,2430223.0,,2024,6,True,,,False,2024-06-01,12,True
AT,Austria,2024-07,3537640.0,,2024,7,True,,,False,2024-07-01,12,True
AT,Austria,2024-08,3834760.0,,2024,8,True,,,False,2024-08-01,12,True
AT,Austria,2024-09,2332828.0,,2024,9,True,,,False,2024-09-01,12,True
AT,Austria,2024-10,1879398.0,,2024,10,True,,,False,2024-10-01,12,True
AT,Austria,2024-11,1210905.0,,2024,11,True,,,False,2024-11-01,12,True
AT,Austria,2024-12,2556391.0,,2024,12,True,,,False,2024-12-01,12,True
AT,Austria,2025-01,2535697.0,,2025,1,True,,,False,2025-01-01,12,True
AT,Austria,2025-02,2520326.0,,2025,2,True,,,False,2025-02-01,12,True
AT,Austria,2025-03,2205951.0,,2025,3,True,,,False,2025-03-01,12,True
AT,Austria,2025-04,1715441.0,,2025,4,True,,,False,2025-04-01,12,True
AT,Austria,2025-05,1856980.0,,2025,5,True,,,False,2025-05-01,12,True
AT,Austria,2025-06,2806528.0,,2025,6,True,,,False,2025-06-01,12,True
AT,Austria,2025-07,3514470.0,,2025,7,True,,,False,2025-07-01,12,True
AT,Austria,2025-08,3938140.0,,2025,8,True,,,False,2025-08-01,12,True
AT,Austria,2025-09,2553366.0,,2025,9,True,,,False,2025-09-01,12,True
AT,Austria,2025-10,1984985.0,,2025,10,True,,,False,2025-10-01,12,True
AT,Austria,2025-11,1334345.0,,2025,11,True,,,False,2025-11-01,12,True
AT,Austria,2025-12,2797944.0,,2025,12,True,,,False,2025-12-01,12,True
AT,Austria,2026-01,2759945.0,,2026,1,True,,,False,2026-01-01,6,False
AT,Austria,2026-02,2685893.0,,2026,2,True,,,False,2026-02-01,6,False
AT,Austria,2026-03,2135781.0,,2026,3,True,,,False,2026-03-01,6,False
AT,Austria,2026-04,1617325.0,,2026,4,True,,,False,2026-04-01,6,False
AT,Austria,2026-05,2142459.0,,2026,5,True,,,False,2026-05-01,6,False
AT,Austria,2026-06,2666783.0,,2026,6,True,,,False,2026-06-01,6,False
AT,Austria,2026-07,,,2026,7,False,,,False,2026-07-01,6,False
BE,Belgium,2021-01,,,2021,1,False,,,False,2021-01-01,11,False
BE,Belgium,2021-02,51107.0,,2021,2,True,,,False,2021-02-01,11,False
BE,Belgium,2021-03,60624.0,,2021,3,True,,,False,2021-03-01,11,False
BE,Belgium,2021-04,72867.0,,2021,4,True,,,False,2021-04-01,11,False
BE,Belgium,2021-05,154353.0,,2021,5,True,,,False,2021-05-01,11,False
BE,Belgium,2021-06,199911.0,,2021,6,True,,,False,2021-06-01,11,False
BE,Belgium,2021-07,373546.0,,2021,7,True,,,False,2021-07-01,11,False
BE,Belgium,2021-08,497774.0,,2021,8,True,,,False,2021-08-01,11,False
BE,Belgium,2021-09,419063.0,,2021,9,True,,,False,2021-09-01,11,False
BE,Belgium,2021-10,574883.0,,2021,10,True,,,False,2021-10-01,11,False
BE,Belgium,2021-11,395192.0,,2021,11,True,,,False,2021-11-01,11,False
BE,Belgium,2021-12,389487.0,,2021,12,True,,,False,2021-12-01,11,False
BE,Belgium,2022-01,339014.0,,2022,1,True,,,False,2022-01-01,12,True
BE,Belgium,2022-02,371362.0,,2022,2,True,,,False,2022-02-01,12,True
BE,Belgium,2022-03,478793.0,,2022,3,True,,,False,2022-03-01,12,True
BE,Belgium,2022-04,714103.0,,2022,4,True,,,False,2022-04-01,12,True
BE,Belgium,2022-05,768822.0,,2022,5,True,,,False,2022-05-01,12,True
BE,Belgium,2022-06,783694.0,,2022,6,True,,,False,2022-06-01,12,True
BE,Belgium,2022-07,933206.0,,2022,7,True,,,False,2022-07-01,12,True
BE,Belgium,2022-08,980586.0,,2022,8,True,,,False,2022-08-01,12,True
BE,Belgium,2022-09,748070.0,,2022,9,True,,,False,2022-09-01,12,True
BE,Belgium,2022-10,808170.0,,2022,10,True,,,False,2022-10-01,12,True
BE,Belgium,2022-11,604620.0,,2022,11,True,,,False,2022-11-01,12,True
BE,Belgium,2022-12,689721.0,,2022,12,True,,,False,2022-12-01,12,True
BE,Belgium,2023-01,500282.0,,2023,1,True,,,False,2023-01-01,12,True
BE,Belgium,2023-02,556361.0,,2023,2,True,,,False,2023-02-01,12,True
BE,Belgium,2023-03,653083.0,,2023,3,True,,,False,2023-03-01,12,True
BE,Belgium,2023-04,887293.0,,2023,4,True,,,False,2023-04-01,12,True
BE,Belgium,2023-05,900789.0,,2023,5,True,,,False,2023-05-01,12,True
BE,Belgium,2023-06,859549.0,,2023,6,True,,,False,2023-06-01,12,True
BE,Belgium,2023-07,973777.0,,2023,7,True,,,False,2023-07-01,12,True
BE,Belgium,2023-08,981846.0,,2023,8,True,,,False,2023-08-01,12,True
BE,Belgium,2023-09,821984.0,,2023,9,True,,,False,2023-09-01,12,True
BE,Belgium,2023-10,814918.0,,2023,10,True,,,False,2023-10-01,12,True
BE,Belgium,2023-11,606785.0,,2023,11,True,,,False,2023-11-01,12,True
BE,Belgium,2023-12,722904.0,,2023,12,True,,,False,2023-12-01,12,True
BE,Belgium,2024-01,508290.0,,2024,1,True,,,False,2024-01-01,12,True
BE,Belgium,2024-02,587129.0,,2024,2,True,,,False,2024-02-01,12,True
BE,Belgium,2024-03,753348.0,,2024,3,True,,,False,2024-03-01,12,True
BE,Belgium,2024-04,810270.0,,2024,4,True,,,False,2024-04-01,12,True
BE,Belgium,2024-05,960595.0,,2024,5,True,,,False,2024-05-01,12,True
BE,Belgium,2024-06,855666.0,,2024,6,True,,,False,2024-06-01,12,True
BE,Belgium,2024-07,1004064.0,,2024,7,True,,,False,2024-07-01,12,True
BE,Belgium,2024-08,1059024.0,,2024,8,True,,,False,2024-08-01,12,True
BE,Belgium,2024-09,801323.0,,2024,9,True,,,False,2024-09-01,12,True
BE,Belgium,2024-10,849881.0,,2024,10,True,,,False,2024-10-01,12,True
BE,Belgium,2024-11,686450.0,,2024,11,True,,,False,2024-11-01,12,True
BE,Belgium,2024-12,762147.0,,2024,12,True,,,False,2024-12-01,12,True
BE,Belgium,2025-01,525590.0,,2025,1,True,,,False,2025-01-01,12,True
BE,Belgium,2025-02,608308.0,,2025,2,True,,,False,2025-02-01,12,True
BE,Belgium,2025-03,679136.0,,2025,3,True,,,False,2025-03-01,12,True
BE,Belgium,2025-04,957790.0,,2025,4,True,,,False,2025-04-01,12,True
BE,Belgium,2025-05,988605.0,,2025,5,True,,,False,2025-05-01,12,True
BE,Belgium,2025-06,973925.0,,2025,6,True,,,False,2025-06-01,12,True
BE,Belgium,2025-07,1047075.0,,2025,7,True,,,False,2025-07-01,12,True
BE,Belgium,2025-08,1103581.0,,2025,8,True,,,False,2025-08-01,12,True
BE,Belgium,2025-09,827375.0,,2025,9,True,,,False,2025-09-01,12,True
BE,Belgium,2025-10,910949.0,,2025,10,True,,,False,2025-10-01,12,True
BE,Belgium,2025-11,685586.0,,2025,11,True,,,False,2025-11-01,12,True
BE,Belgium,2025-12,819907.0,,2025,12,True,,,False,2025-12-01,12,True
BE,Belgium,2026-01,525400.0,,2026,1,True,,,False,2026-01-01,6,False
BE,Belgium,2026-02,582026.0,,2026,2,True,,,False,2026-02-01,6,False
BE,Belgium,2026-03,698722.0,,2026,3,True,,,False,2026-03-01,6,False
BE,Belgium,2026-04,932799.0,,2026,4,True,,,False,2026-04-01,6,False
BE,Belgium,2026-05,990747.0,u,2026,5,True,False,True,False,2026-05-01,6,False
BE,Belgium,2026-06,869194.0,u,2026,6,True,False,True,False,2026-06-01,6,False
BE,Belgium,2026-07,,,2026,7,False,,,False,2026-07-01,6,False
BG,Bulgaria,2021-01,,|C,2021,1,False,False,False,True,2021-01-01,6,False
BG,Bulgaria,2021-02,,|C,2021,2,False,False,False,True,2021-02-01,6,False
BG,Bulgaria,2021-03,,|C,2021,3,False,False,False,True,2021-03-01,6,False
BG,Bulgaria,2021-04,,|C,2021,4,False,False,False,True,2021-04-01,6,False
BG,Bulgaria,2021-05,,|C,2021,5,False,False,False,True,2021-05-01,6,False
BG,Bulgaria,2021-06,183829.0,,2021,6,True,,,False,2021-06-01,6,False
BG,Bulgaria,2021-07,483739.0,,2021,7,True,,,False,2021-07-01,6,False
BG,Bulgaria,2021-08,630737.0,,2021,8,True,,,False,2021-08-01,6,False
BG,Bulgaria,2021-09,232900.0,,2021,9,True,,,False,2021-09-01,6,False
BG,Bulgaria,2021-10,,|C,2021,10,False,False,False,True,2021-10-01,6,False
BG,Bulgaria,2021-11,48666.0,,2021,11,True,,,False,2021-11-01,6,False
BG,Bulgaria,2021-12,58783.0,,2021,12,True,,,False,2021-12-01,6,False
BG,Bulgaria,2022-01,,|C,2022,1,False,False,False,True,2022-01-01,6,False
BG,Bulgaria,2022-02,,|C,2022,2,False,False,False,True,2022-02-01,6,False
BG,Bulgaria,2022-03,,|C,2022,3,False,False,False,True,2022-03-01,6,False
BG,Bulgaria,2022-04,103379.0,,2022,4,True,,,False,2022-04-01,6,False
BG,Bulgaria,2022-05,159984.0,,2022,5,True,,,False,2022-05-01,6,False
BG,Bulgaria,2022-06,375634.0,,2022,6,True,,,False,2022-06-01,6,False
BG,Bulgaria,2022-07,678431.0,,2022,7,True,,,False,2022-07-01,6,False
BG,Bulgaria,2022-08,787982.0,,2022,8,True,,,False,2022-08-01,6,False
BG,Bulgaria,2022-09,346494.0,,2022,9,True,,,False,2022-09-01,6,False
BG,Bulgaria,2022-10,,|C,2022,10,False,False,False,True,2022-10-01,6,False
BG,Bulgaria,2022-11,,|C,2022,11,False,False,False,True,2022-11-01,6,False
BG,Bulgaria,2022-12,,|C,2022,12,False,False,False,True,2022-12-01,6,False
BG,Bulgaria,2023-01,,|C,2023,1,False,False,False,True,2023-01-01,7,False
BG,Bulgaria,2023-02,,|C,2023,2,False,False,False,True,2023-02-01,7,False
BG,Bulgaria,2023-03,,|C,2023,3,False,False,False,True,2023-03-01,7,False
BG,Bulgaria,2023-04,133755.0,,2023,4,True,,,False,2023-04-01,7,False
BG,Bulgaria,2023-05,186595.0,,2023,5,True,,,False,2023-05-01,7,False
BG,Bulgaria,2023-06,501537.0,,2023,6,True,,,False,2023-06-01,7,False
BG,Bulgaria,2023-07,766349.0,,2023,7,True,,,False,2023-07-01,7,False
BG,Bulgaria,2023-08,834609.0,,2023,8,True,,,False,2023-08-01,7,False
BG,Bulgaria,2023-09,421013.0,,2023,9,True,,,False,2023-09-01,7,False
BG,Bulgaria,2023-10,148950.0,,2023,10,True,,,False,2023-10-01,7,False
BG,Bulgaria,2023-11,,|C,2023,11,False,False,False,True,2023-11-01,7,False
BG,Bulgaria,2023-12,,|C,2023,12,False,False,False,True,2023-12-01,7,False
BG,Bulgaria,2024-01,141347.0,,2024,1,True,,,False,2024-01-01,12,True
BG,Bulgaria,2024-02,141563.0,,2024,2,True,,,False,2024-02-01,12,True
BG,Bulgaria,2024-03,131118.0,,2024,3,True,,,False,2024-03-01,12,True
BG,Bulgaria,2024-04,125051.0,,2024,4,True,,,False,2024-04-01,12,True
BG,Bulgaria,2024-05,240754.0,,2024,5,True,,,False,2024-05-01,12,True
BG,Bulgaria,2024-06,520816.0,,2024,6,True,,,False,2024-06-01,12,True
BG,Bulgaria,2024-07,18240.0,,2024,7,True,,,False,2024-07-01,12,True
BG,Bulgaria,2024-08,870223.0,,2024,8,True,,,False,2024-08-01,12,True
BG,Bulgaria,2024-09,432014.0,,2024,9,True,,,False,2024-09-01,12,True
BG,Bulgaria,2024-10,151935.0,,2024,10,True,,,False,2024-10-01,12,True
BG,Bulgaria,2024-11,102793.0,,2024,11,True,,,False,2024-11-01,12,True
BG,Bulgaria,2024-12,118155.0,,2024,12,True,,,False,2024-12-01,12,True
BG,Bulgaria,2025-01,168857.0,,2025,1,True,,,False,2025-01-01,11,False
BG,Bulgaria,2025-02,154492.0,,2025,2,True,,,False,2025-02-01,11,False
BG,Bulgaria,2025-03,,,2025,3,False,,,False,2025-03-01,11,False
BG,Bulgaria,2025-04,153977.0,,2025,4,True,,,False,2025-04-01,11,False
BG,Bulgaria,2025-05,250790.0,,2025,5,True,,,False,2025-05-01,11,False
BG,Bulgaria,2025-06,593093.0,,2025,6,True,,,False,2025-06-01,11,False
BG,Bulgaria,2025-07,835255.0,,2025,7,True,,,False,2025-07-01,11,False
BG,Bulgaria,2025-08,918827.0,,2025,8,True,,,False,2025-08-01,11,False
BG,Bulgaria,2025-09,471332.0,,2025,9,True,,,False,2025-09-01,11,False
BG,Bulgaria,2025-10,182511.0,,2025,10,True,,,False,2025-10-01,11,False
BG,Bulgaria,2025-11,131515.0,,2025,11,True,,,False,2025-11-01,11,False
BG,Bulgaria,2025-12,133648.0,,2025,12,True,,,False,2025-12-01,11,False
BG,Bulgaria,2026-01,170186.0,,2026,1,True,,,False,2026-01-01,6,False
BG,Bulgaria,2026-02,153109.0,,2026,2,True,,,False,2026-02-01,6,False
BG,Bulgaria,2026-03,132290.0,,2026,3,True,,,False,2026-03-01,6,False
BG,Bulgaria,2026-04,140648.0,,2026,4,True,,,False,2026-04-01,6,False
BG,Bulgaria,2026-05,274214.0,,2026,5,True,,,False,2026-05-01,6,False
BG,Bulgaria,2026-06,563103.0,,2026,6,True,,,False,2026-06-01,6,False
BG,Bulgaria,2026-07,,,2026,7,False,,,False,2026-07-01,6,False
HR,Croatia,2021-01,16399.0,,2021,1,True,,,False,2021-01-01,12,True
HR,Croatia,2021-02,20350.0,,2021,2,True,,,False,2021-02-01,12,True
HR,Croatia,2021-03,44641.0,,2021,3,True,,,False,2021-03-01,12,True
HR,Croatia,2021-04,98338.0,,2021,4,True,,,False,2021-04-01,12,True
HR,Croatia,2021-05,274875.0,,2021,5,True,,,False,2021-05-01,12,True
HR,Croatia,2021-06,1095204.0,,2021,6,True,,,False,2021-06-01,12,True
HR,Croatia,2021-07,3164868.0,,2021,7,True,,,False,2021-07-01,12,True
HR,Croatia,2021-08,3671381.0,,2021,8,True,,,False,2021-08-01,12,True
HR,Croatia,2021-09,1565767.0,,2021,9,True,,,False,2021-09-01,12,True
HR,Croatia,2021-10,461917.0,,2021,10,True,,,False,2021-10-01,12,True
HR,Croatia,2021-11,107728.0,,2021,11,True,,,False,2021-11-01,12,True
HR,Croatia,2021-12,118582.0,,2021,12,True,,,False,2021-12-01,12,True
HR,Croatia,2022-01,73491.0,,2022,1,True,,,False,2022-01-01,12,True
HR,Croatia,2022-02,115686.0,,2022,2,True,,,False,2022-02-01,12,True
HR,Croatia,2022-03,191091.0,,2022,3,True,,,False,2022-03-01,12,True
HR,Croatia,2022-04,641807.0,,2022,4,True,,,False,2022-04-01,12,True
HR,Croatia,2022-05,976165.0,,2022,5,True,,,False,2022-05-01,12,True
HR,Croatia,2022-06,2368950.0,,2022,6,True,,,False,2022-06-01,12,True
HR,Croatia,2022-07,4005537.0,,2022,7,True,,,False,2022-07-01,12,True
HR,Croatia,2022-08,4012543.0,,2022,8,True,,,False,2022-08-01,12,True
HR,Croatia,2022-09,1867311.0,,2022,9,True,,,False,2022-09-01,12,True
HR,Croatia,2022-10,691237.0,,2022,10,True,,,False,2022-10-01,12,True
HR,Croatia,2022-11,184139.0,,2022,11,True,,,False,2022-11-01,12,True
HR,Croatia,2022-12,194267.0,,2022,12,True,,,False,2022-12-01,12,True
HR,Croatia,2023-01,114576.0,,2023,1,True,,,False,2023-01-01,12,True
HR,Croatia,2023-02,143246.0,,2023,2,True,,,False,2023-02-01,12,True
HR,Croatia,2023-03,272977.0,,2023,3,True,,,False,2023-03-01,12,True
HR,Croatia,2023-04,870396.0,,2023,4,True,,,False,2023-04-01,12,True
HR,Croatia,2023-05,1373300.0,,2023,5,True,,,False,2023-05-01,12,True
HR,Croatia,2023-06,2445406.0,,2023,6,True,,,False,2023-06-01,12,True
HR,Croatia,2023-07,4157021.0,,2023,7,True,,,False,2023-07-01,12,True
HR,Croatia,2023-08,4063123.0,,2023,8,True,,,False,2023-08-01,12,True
HR,Croatia,2023-09,2156950.0,,2023,9,True,,,False,2023-09-01,12,True
HR,Croatia,2023-10,814931.0,,2023,10,True,,,False,2023-10-01,12,True
HR,Croatia,2023-11,213448.0,,2023,11,True,,,False,2023-11-01,12,True
HR,Croatia,2023-12,228270.0,,2023,12,True,,,False,2023-12-01,12,True
HR,Croatia,2024-01,117846.0,,2024,1,True,,,False,2024-01-01,12,True
HR,Croatia,2024-02,169375.0,,2024,2,True,,,False,2024-02-01,12,True
HR,Croatia,2024-03,370826.0,,2024,3,True,,,False,2024-03-01,12,True
HR,Croatia,2024-04,813405.0,,2024,4,True,,,False,2024-04-01,12,True
HR,Croatia,2024-05,1658437.0,,2024,5,True,,,False,2024-05-01,12,True
HR,Croatia,2024-06,2531497.0,,2024,6,True,,,False,2024-06-01,12,True
HR,Croatia,2024-07,4039202.0,,2024,7,True,,,False,2024-07-01,12,True
HR,Croatia,2024-08,4246093.0,,2024,8,True,,,False,2024-08-01,12,True
HR,Croatia,2024-09,2053282.0,,2024,9,True,,,False,2024-09-01,12,True
HR,Croatia,2024-10,897685.0,,2024,10,True,,,False,2024-10-01,12,True
HR,Croatia,2024-11,241132.0,,2024,11,True,,,False,2024-11-01,12,True
HR,Croatia,2024-12,238317.0,,2024,12,True,,,False,2024-12-01,12,True
HR,Croatia,2025-01,132391.0,,2025,1,True,,,False,2025-01-01,12,True
HR,Croatia,2025-02,158579.0,,2025,2,True,,,False,2025-02-01,12,True
HR,Croatia,2025-03,259761.0,,2025,3,True,,,False,2025-03-01,12,True
HR,Croatia,2025-04,956116.0,,2025,4,True,,,False,2025-04-01,12,True
HR,Croatia,2025-05,1510107.0,,2025,5,True,,,False,2025-05-01,12,True
HR,Croatia,2025-06,2833901.0,,2025,6,True,,,False,2025-06-01,12,True
HR,Croatia,2025-07,3975888.0,,2025,7,True,,,False,2025-07-01,12,True
HR,Croatia,2025-08,4248268.0,,2025,8,True,,,False,2025-08-01,12,True
HR,Croatia,2025-09,2156971.0,,2025,9,True,,,False,2025-09-01,12,True
HR,Croatia,2025-10,906667.0,,2025,10,True,,,False,2025-10-01,12,True
HR,Croatia,2025-11,218048.0,,2025,11,True,,,False,2025-11-01,12,True
HR,Croatia,2025-12,255954.0,,2025,12,True,,,False,2025-12-01,12,True
HR,Croatia,2026-01,123811.0,,2026,1,True,,,False,2026-01-01,6,False
HR,Croatia,2026-02,169796.0,,2026,2,True,,,False,2026-02-01,6,False
HR,Croatia,2026-03,309070.0,,2026,3,True,,,False,2026-03-01,6,False
HR,Croatia,2026-04,912435.0,,2026,4,True,,,False,2026-04-01,6,False
HR,Croatia,2026-05,1679960.0,,2026,5,True,,,False,2026-05-01,6,False
HR,Croatia,2026-06,2582894.0,,2026,6,True,,,False,2026-06-01,6,False
HR,Croatia,2026-07,,,2026,7,False,,,False,2026-07-01,6,False
CY,Cyprus,2021-01,36361.0,,2021,1,True,,,False,2021-01-01,12,True
CY,Cyprus,2021-02,8842.0,,2021,2,True,,,False,2021-02-01,12,True
CY,Cyprus,2021-03,13007.0,,2021,3,True,,,False,2021-03-01,12,True
CY,Cyprus,2021-04,32696.0,,2021,4,True,,,False,2021-04-01,12,True
CY,Cyprus,2021-05,70004.0,,2021,5,True,,,False,2021-05-01,12,True
CY,Cyprus,2021-06,140693.0,,2021,6,True,,,False,2021-06-01,12,True
CY,Cyprus,2021-07,207368.0,,2021,7,True,,,False,2021-07-01,12,True
CY,Cyprus,2021-08,236125.0,,2021,8,True,,,False,2021-08-01,12,True
CY,Cyprus,2021-09,226907.0,,2021,9,True,,,False,2021-09-01,12,True
CY,Cyprus,2021-10,280821.0,,2021,10,True,,,False,2021-10-01,12,True
CY,Cyprus,2021-11,114479.0,,2021,11,True,,,False,2021-11-01,12,True
CY,Cyprus,2021-12,66384.0,,2021,12,True,,,False,2021-12-01,12,True
CY,Cyprus,2022-01,32630.0,,2022,1,True,,,False,2022-01-01,12,True
CY,Cyprus,2022-02,44521.0,,2022,2,True,,,False,2022-02-01,12,True
CY,Cyprus,2022-03,74479.0,,2022,3,True,,,False,2022-03-01,12,True
CY,Cyprus,2022-04,178369.0,,2022,4,True,,,False,2022-04-01,12,True
CY,Cyprus,2022-05,224489.0,,2022,5,True,,,False,2022-05-01,12,True
CY,Cyprus,2022-06,267201.0,,2022,6,True,,,False,2022-06-01,12,True
CY,Cyprus,2022-07,305688.0,,2022,7,True,,,False,2022-07-01,12,True
CY,Cyprus,2022-08,301005.0,,2022,8,True,,,False,2022-08-01,12,True
CY,Cyprus,2022-09,286230.0,,2022,9,True,,,False,2022-09-01,12,True
CY,Cyprus,2022-10,277781.0,,2022,10,True,,,False,2022-10-01,12,True
CY,Cyprus,2022-11,104952.0,,2022,11,True,,,False,2022-11-01,12,True
CY,Cyprus,2022-12,76926.0,,2022,12,True,,,False,2022-12-01,12,True
CY,Cyprus,2023-01,59279.0,,2023,1,True,,,False,2023-01-01,12,True
CY,Cyprus,2023-02,72546.0,,2023,2,True,,,False,2023-02-01,12,True
CY,Cyprus,2023-03,113816.0,,2023,3,True,,,False,2023-03-01,12,True
CY,Cyprus,2023-04,217428.0,,2023,4,True,,,False,2023-04-01,12,True
CY,Cyprus,2023-05,275095.0,,2023,5,True,,,False,2023-05-01,12,True
CY,Cyprus,2023-06,305071.0,,2023,6,True,,,False,2023-06-01,12,True
CY,Cyprus,2023-07,339706.0,,2023,7,True,,,False,2023-07-01,12,True
CY,Cyprus,2023-08,336152.0,,2023,8,True,,,False,2023-08-01,12,True
CY,Cyprus,2023-09,321321.0,,2023,9,True,,,False,2023-09-01,12,True
CY,Cyprus,2023-10,302558.0,,2023,10,True,,,False,2023-10-01,12,True
CY,Cyprus,2023-11,110270.0,,2023,11,True,,,False,2023-11-01,12,True
CY,Cyprus,2023-12,84009.0,,2023,12,True,,,False,2023-12-01,12,True
CY,Cyprus,2024-01,57882.0,,2024,1,True,,,False,2024-01-01,12,True
CY,Cyprus,2024-02,71733.0,,2024,2,True,,,False,2024-02-01,12,True
CY,Cyprus,2024-03,129818.0,,2024,3,True,,,False,2024-03-01,12,True
CY,Cyprus,2024-04,246576.0,,2024,4,True,,,False,2024-04-01,12,True
CY,Cyprus,2024-05,329771.0,,2024,5,True,,,False,2024-05-01,12,True
CY,Cyprus,2024-06,360650.0,,2024,6,True,,,False,2024-06-01,12,True
CY,Cyprus,2024-07,395297.0,,2024,7,True,,,False,2024-07-01,12,True
CY,Cyprus,2024-08,419438.0,,2024,8,True,,,False,2024-08-01,12,True
CY,Cyprus,2024-09,393030.0,,2024,9,True,,,False,2024-09-01,12,True
CY,Cyprus,2024-10,399217.0,,2024,10,True,,,False,2024-10-01,12,True
CY,Cyprus,2024-11,139016.0,,2024,11,True,,,False,2024-11-01,12,True
CY,Cyprus,2024-12,87733.0,,2024,12,True,,,False,2024-12-01,12,True
CY,Cyprus,2025-01,70171.0,,2025,1,True,,,False,2025-01-01,12,True
CY,Cyprus,2025-02,84521.0,,2025,2,True,,,False,2025-02-01,12,True
CY,Cyprus,2025-03,137945.0,,2025,3,True,,,False,2025-03-01,12,True
CY,Cyprus,2025-04,295960.0,,2025,4,True,,,False,2025-04-01,12,True
CY,Cyprus,2025-05,364178.0,,2025,5,True,,,False,2025-05-01,12,True
CY,Cyprus,2025-06,398786.0,,2025,6,True,,,False,2025-06-01,12,True
CY,Cyprus,2025-07,430908.0,,2025,7,True,,,False,2025-07-01,12,True
CY,Cyprus,2025-08,442839.0,,2025,8,True,,,False,2025-08-01,12,True
CY,Cyprus,2025-09,414212.0,,2025,9,True,,,False,2025-09-01,12,True
CY,Cyprus,2025-10,418959.0,,2025,10,True,,,False,2025-10-01,12,True
CY,Cyprus,2025-11,178710.0,,2025,11,True,,,False,2025-11-01,12,True
CY,Cyprus,2025-12,111104.0,,2025,12,True,,,False,2025-12-01,12,True
CY,Cyprus,2026-01,80109.0,,2026,1,True,,,False,2026-01-01,6,False
CY,Cyprus,2026-02,93865.0,,2026,2,True,,,False,2026-02-01,6,False
CY,Cyprus,2026-03,100395.0,,2026,3,True,,,False,2026-03-01,6,False
CY,Cyprus,2026-04,210826.0,,2026,4,True,,,False,2026-04-01,6,False
CY,Cyprus,2026-05,342017.0,,2026,5,True,,,False,2026-05-01,6,False
CY,Cyprus,2026-06,365520.0,,2026,6,True,,,False,2026-06-01,6,False
CY,Cyprus,2026-07,,,2026,7,False,,,False,2026-07-01,6,False
CZ,Czechia,2021-01,20414.0,,2021,1,True,,,False,2021-01-01,12,True
CZ,Czechia,2021-02,17633.0,,2021,2,True,,,False,2021-02-01,12,True
CZ,Czechia,2021-03,17290.0,,2021,3,True,,,False,2021-03-01,12,True
CZ,Czechia,2021-04,20936.0,,2021,4,True,,,False,2021-04-01,12,True
CZ,Czechia,2021-05,47105.0,,2021,5,True,,,False,2021-05-01,12,True
CZ,Czechia,2021-06,154697.0,,2021,6,True,,,False,2021-06-01,12,True
CZ,Czechia,2021-07,366520.0,,2021,7,True,,,False,2021-07-01,12,True
CZ,Czechia,2021-08,483089.0,,2021,8,True,,,False,2021-08-01,12,True
CZ,Czechia,2021-09,409615.0,,2021,9,True,,,False,2021-09-01,12,True
CZ,Czechia,2021-10,448207.0,,2021,10,True,,,False,2021-10-01,12,True
CZ,Czechia,2021-11,324360.0,,2021,11,True,,,False,2021-11-01,12,True
CZ,Czechia,2021-12,259792.0,,2021,12,True,,,False,2021-12-01,12,True
CZ,Czechia,2022-01,215502.0,,2022,1,True,,,False,2022-01-01,12,True
CZ,Czechia,2022-02,293830.0,,2022,2,True,,,False,2022-02-01,12,True
CZ,Czechia,2022-03,377622.0,,2022,3,True,,,False,2022-03-01,12,True
CZ,Czechia,2022-04,558945.0,,2022,4,True,,,False,2022-04-01,12,True
CZ,Czechia,2022-05,649388.0,,2022,5,True,,,False,2022-05-01,12,True
CZ,Czechia,2022-06,733288.0,,2022,6,True,,,False,2022-06-01,12,True
CZ,Czechia,2022-07,861953.0,,2022,7,True,,,False,2022-07-01,12,True
CZ,Czechia,2022-08,914464.0,,2022,8,True,,,False,2022-08-01,12,True
CZ,Czechia,2022-09,740584.0,,2022,9,True,,,False,2022-09-01,12,True
CZ,Czechia,2022-10,751874.0,,2022,10,True,,,False,2022-10-01,12,True
CZ,Czechia,2022-11,550074.0,,2022,11,True,,,False,2022-11-01,12,True
CZ,Czechia,2022-12,695876.0,,2022,12,True,,,False,2022-12-01,12,True
CZ,Czechia,2023-01,518827.0,,2023,1,True,,,False,2023-01-01,12,True
CZ,Czechia,2023-02,522855.0,,2023,2,True,,,False,2023-02-01,12,True
CZ,Czechia,2023-03,603355.0,,2023,3,True,,,False,2023-03-01,12,True
CZ,Czechia,2023-04,799676.0,,2023,4,True,,,False,2023-04-01,12,True
CZ,Czechia,2023-05,856536.0,,2023,5,True,,,False,2023-05-01,12,True
CZ,Czechia,2023-06,875656.0,,2023,6,True,,,False,2023-06-01,12,True
CZ,Czechia,2023-07,1044811.0,,2023,7,True,,,False,2023-07-01,12,True
CZ,Czechia,2023-08,1078703.0,,2023,8,True,,,False,2023-08-01,12,True
CZ,Czechia,2023-09,920006.0,,2023,9,True,,,False,2023-09-01,12,True
CZ,Czechia,2023-10,857883.0,,2023,10,True,,,False,2023-10-01,12,True
CZ,Czechia,2023-11,643106.0,,2023,11,True,,,False,2023-11-01,12,True
CZ,Czechia,2023-12,837516.0,,2023,12,True,,,False,2023-12-01,12,True
CZ,Czechia,2024-01,568259.0,,2024,1,True,,,False,2024-01-01,12,True
CZ,Czechia,2024-02,611788.0,,2024,2,True,,,False,2024-02-01,12,True
CZ,Czechia,2024-03,754598.0,,2024,3,True,,,False,2024-03-01,12,True
CZ,Czechia,2024-04,795685.0,,2024,4,True,,,False,2024-04-01,12,True
CZ,Czechia,2024-05,1040382.0,,2024,5,True,,,False,2024-05-01,12,True
CZ,Czechia,2024-06,939552.0,,2024,6,True,,,False,2024-06-01,12,True
CZ,Czechia,2024-07,1102213.0,,2024,7,True,,,False,2024-07-01,12,True
CZ,Czechia,2024-08,1180714.0,,2024,8,True,,,False,2024-08-01,12,True
CZ,Czechia,2024-09,892433.0,,2024,9,True,,,False,2024-09-01,12,True
CZ,Czechia,2024-10,939408.0,,2024,10,True,,,False,2024-10-01,12,True
CZ,Czechia,2024-11,726338.0,,2024,11,True,,,False,2024-11-01,12,True
CZ,Czechia,2024-12,926158.0,,2024,12,True,,,False,2024-12-01,12,True
CZ,Czechia,2025-01,640265.0,,2025,1,True,,,False,2025-01-01,12,True
CZ,Czechia,2025-02,634165.0,,2025,2,True,,,False,2025-02-01,12,True
CZ,Czechia,2025-03,700134.0,,2025,3,True,,,False,2025-03-01,12,True
CZ,Czechia,2025-04,904214.0,,2025,4,True,,,False,2025-04-01,12,True
CZ,Czechia,2025-05,1002297.0,,2025,5,True,,,False,2025-05-01,12,True
CZ,Czechia,2025-06,1031609.0,,2025,6,True,,,False,2025-06-01,12,True
CZ,Czechia,2025-07,1101180.0,,2025,7,True,,,False,2025-07-01,12,True
CZ,Czechia,2025-08,1203599.0,,2025,8,True,,,False,2025-08-01,12,True
CZ,Czechia,2025-09,962931.0,,2025,9,True,,,False,2025-09-01,12,True
CZ,Czechia,2025-10,981068.0,,2025,10,True,,,False,2025-10-01,12,True
CZ,Czechia,2025-11,768354.0,,2025,11,True,,,False,2025-11-01,12,True
CZ,Czechia,2025-12,970447.0,,2025,12,True,,,False,2025-12-01,12,True
CZ,Czechia,2026-01,670395.0,,2026,1,True,,,False,2026-01-01,6,False
CZ,Czechia,2026-02,670147.0,,2026,2,True,,,False,2026-02-01,6,False
CZ,Czechia,2026-03,749006.0,,2026,3,True,,,False,2026-03-01,6,False
CZ,Czechia,2026-04,907798.0,,2026,4,True,,,False,2026-04-01,6,False
CZ,Czechia,2026-05,1039694.0,,2026,5,True,,,False,2026-05-01,6,False
CZ,Czechia,2026-06,987989.0,,2026,6,True,,,False,2026-06-01,6,False
CZ,Czechia,2026-07,,,2026,7,False,,,False,2026-07-01,6,False
DK,Denmark,2021-01,15539.0,,2021,1,True,,,False,2021-01-01,11,False
DK,Denmark,2021-02,,,2021,2,False,,,False,2021-02-01,11,False
DK,Denmark,2021-03,21522.0,,2021,3,True,,,False,2021-03-01,11,False
DK,Denmark,2021-04,19688.0,,2021,4,True,,,False,2021-04-01,11,False
DK,Denmark,2021-05,31762.0,,2021,5,True,,,False,2021-05-01,11,False
DK,Denmark,2021-06,67936.0,,2021,6,True,,,False,2021-06-01,11,False
DK,Denmark,2021-07,188488.0,,2021,7,True,,,False,2021-07-01,11,False
DK,Denmark,2021-08,259928.0,,2021,8,True,,,False,2021-08-01,11,False
DK,Denmark,2021-09,158670.0,,2021,9,True,,,False,2021-09-01,11,False
DK,Denmark,2021-10,176946.0,,2021,10,True,,,False,2021-10-01,11,False
DK,Denmark,2021-11,150572.0,,2021,11,True,,,False,2021-11-01,11,False
DK,Denmark,2021-12,88872.0,,2021,12,True,,,False,2021-12-01,11,False
DK,Denmark,2022-01,51601.0,,2022,1,True,,,False,2022-01-01,11,False
DK,Denmark,2022-02,92312.0,,2022,2,True,,,False,2022-02-01,11,False
DK,Denmark,2022-03,138536.0,,2022,3,True,,,False,2022-03-01,11,False
DK,Denmark,2022-04,224488.0,,2022,4,True,,,False,2022-04-01,11,False
DK,Denmark,2022-05,268145.0,,2022,5,True,,,False,2022-05-01,11,False
DK,Denmark,2022-06,335549.0,,2022,6,True,,,False,2022-06-01,11,False
DK,Denmark,2022-07,568781.0,,2022,7,True,,,False,2022-07-01,11,False
DK,Denmark,2022-08,497417.0,,2022,8,True,,,False,2022-08-01,11,False
DK,Denmark,2022-09,257012.0,,2022,9,True,,,False,2022-09-01,11,False
DK,Denmark,2022-10,234386.0,,2022,10,True,,,False,2022-10-01,11,False
DK,Denmark,2022-11,173105.0,,2022,11,True,,,False,2022-11-01,11,False
DK,Denmark,2022-12,,,2022,12,False,,,False,2022-12-01,11,False
DK,Denmark,2023-01,130552.0,,2023,1,True,,,False,2023-01-01,12,True
DK,Denmark,2023-02,136353.0,,2023,2,True,,,False,2023-02-01,12,True
DK,Denmark,2023-03,175393.0,,2023,3,True,,,False,2023-03-01,12,True
DK,Denmark,2023-04,267714.0,,2023,4,True,,,False,2023-04-01,12,True
DK,Denmark,2023-05,307172.0,,2023,5,True,,,False,2023-05-01,12,True
DK,Denmark,2023-06,354502.0,,2023,6,True,,,False,2023-06-01,12,True
DK,Denmark,2023-07,540969.0,,2023,7,True,,,False,2023-07-01,12,True
DK,Denmark,2023-08,513629.0,,2023,8,True,,,False,2023-08-01,12,True
DK,Denmark,2023-09,276623.0,,2023,9,True,,,False,2023-09-01,12,True
DK,Denmark,2023-10,251675.0,,2023,10,True,,,False,2023-10-01,12,True
DK,Denmark,2023-11,176746.0,,2023,11,True,,,False,2023-11-01,12,True
DK,Denmark,2023-12,180943.0,,2023,12,True,,,False,2023-12-01,12,True
DK,Denmark,2024-01,132778.0,,2024,1,True,,,False,2024-01-01,12,True
DK,Denmark,2024-02,143420.0,,2024,2,True,,,False,2024-02-01,12,True
DK,Denmark,2024-03,231621.0,,2024,3,True,,,False,2024-03-01,12,True
DK,Denmark,2024-04,252067.0,,2024,4,True,,,False,2024-04-01,12,True
DK,Denmark,2024-05,349203.0,,2024,5,True,,,False,2024-05-01,12,True
DK,Denmark,2024-06,371415.0,,2024,6,True,,,False,2024-06-01,12,True
DK,Denmark,2024-07,556901.0,,2024,7,True,,,False,2024-07-01,12,True
DK,Denmark,2024-08,547982.0,,2024,8,True,,,False,2024-08-01,12,True
DK,Denmark,2024-09,308431.0,,2024,9,True,,,False,2024-09-01,12,True
DK,Denmark,2024-10,292924.0,,2024,10,True,,,False,2024-10-01,12,True
DK,Denmark,2024-11,206412.0,,2024,11,True,,,False,2024-11-01,12,True
DK,Denmark,2024-12,212004.0,,2024,12,True,,,False,2024-12-01,12,True
DK,Denmark,2025-01,154772.0,,2025,1,True,,,False,2025-01-01,12,True
DK,Denmark,2025-02,161588.0,,2025,2,True,,,False,2025-02-01,12,True
DK,Denmark,2025-03,214272.0,,2025,3,True,,,False,2025-03-01,12,True
DK,Denmark,2025-04,295558.0,,2025,4,True,,,False,2025-04-01,12,True
DK,Denmark,2025-05,356100.0,,2025,5,True,,,False,2025-05-01,12,True
DK,Denmark,2025-06,396878.0,,2025,6,True,,,False,2025-06-01,12,True
DK,Denmark,2025-07,602553.0,,2025,7,True,,,False,2025-07-01,12,True
DK,Denmark,2025-08,578057.0,,2025,8,True,,,False,2025-08-01,12,True
DK,Denmark,2025-09,325406.0,,2025,9,True,,,False,2025-09-01,12,True
DK,Denmark,2025-10,317079.0,,2025,10,True,,,False,2025-10-01,12,True
DK,Denmark,2025-11,221598.0,,2025,11,True,,,False,2025-11-01,12,True
DK,Denmark,2025-12,242214.0,,2025,12,True,,,False,2025-12-01,12,True
DK,Denmark,2026-01,172362.0,,2026,1,True,,,False,2026-01-01,6,False
DK,Denmark,2026-02,174602.0,,2026,2,True,,,False,2026-02-01,6,False
DK,Denmark,2026-03,245530.0,,2026,3,True,,,False,2026-03-01,6,False
DK,Denmark,2026-04,305427.0,,2026,4,True,,,False,2026-04-01,6,False
DK,Denmark,2026-05,386270.0,,2026,5,True,,,False,2026-05-01,6,False
DK,Denmark,2026-06,423409.0,,2026,6,True,,,False,2026-06-01,6,False
DK,Denmark,2026-07,,,2026,7,False,,,False,2026-07-01,6,False
EE,Estonia,2021-01,10420.0,,2021,1,True,,,False,2021-01-01,11,False
EE,Estonia,2021-02,12517.0,,2021,2,True,,,False,2021-02-01,11,False
EE,Estonia,2021-03,8725.0,,2021,3,True,,,False,2021-03-01,11,False
EE,Estonia,2021-04,8702.0,,2021,4,True,,,False,2021-04-01,11,False
EE,Estonia,2021-05,14841.0,,2021,5,True,,,False,2021-05-01,11,False
EE,Estonia,2021-06,31690.0,,2021,6,True,,,False,2021-06-01,11,False
EE,Estonia,2021-07,85153.0,,2021,7,True,,,False,2021-07-01,11,False
EE,Estonia,2021-08,96990.0,,2021,8,True,,,False,2021-08-01,11,False
EE,Estonia,2021-09,74305.0,,2021,9,True,,,False,2021-09-01,11,False
EE,Estonia,2021-10,82527.0,,2021,10,True,,,False,2021-10-01,11,False
EE,Estonia,2021-11,,|C,2021,11,False,False,False,True,2021-11-01,11,False
EE,Estonia,2021-12,71270.0,,2021,12,True,,,False,2021-12-01,11,False
EE,Estonia,2022-01,53391.0,,2022,1,True,,,False,2022-01-01,9,False
EE,Estonia,2022-02,,|C,2022,2,False,False,False,True,2022-02-01,9,False
EE,Estonia,2022-03,,|C,2022,3,False,False,False,True,2022-03-01,9,False
EE,Estonia,2022-04,105327.0,,2022,4,True,,,False,2022-04-01,9,False
EE,Estonia,2022-05,116913.0,,2022,5,True,,,False,2022-05-01,9,False
EE,Estonia,2022-06,149904.0,,2022,6,True,,,False,2022-06-01,9,False
EE,Estonia,2022-07,229420.0,,2022,7,True,,,False,2022-07-01,9,False
EE,Estonia,2022-08,188561.0,,2022,8,True,,,False,2022-08-01,9,False
EE,Estonia,2022-09,129617.0,,2022,9,True,,,False,2022-09-01,9,False
EE,Estonia,2022-10,130804.0,,2022,10,True,,,False,2022-10-01,9,False
EE,Estonia,2022-11,105296.0,,2022,11,True,,,False,2022-11-01,9,False
EE,Estonia,2022-12,,|C,2022,12,False,False,False,True,2022-12-01,9,False
EE,Estonia,2023-01,,|C,2023,1,False,False,False,True,2023-01-01,9,False
EE,Estonia,2023-02,,|C,2023,2,False,False,False,True,2023-02-01,9,False
EE,Estonia,2023-03,101734.0,,2023,3,True,,,False,2023-03-01,9,False
EE,Estonia,2023-04,126284.0,,2023,4,True,,,False,2023-04-01,9,False
EE,Estonia,2023-05,141021.0,,2023,5,True,,,False,2023-05-01,9,False
EE,Estonia,2023-06,162837.0,,2023,6,True,,,False,2023-06-01,9,False
EE,Estonia,2023-07,242070.0,,2023,7,True,,,False,2023-07-01,9,False
EE,Estonia,2023-08,203923.0,,2023,8,True,,,False,2023-08-01,9,False
EE,Estonia,2023-09,138154.0,,2023,9,True,,,False,2023-09-01,9,False
EE,Estonia,2023-10,124402.0,,2023,10,True,,,False,2023-10-01,9,False
EE,Estonia,2023-11,,|C,2023,11,False,False,False,True,2023-11-01,9,False
EE,Estonia,2023-12,140647.0,,2023,12,True,,,False,2023-12-01,9,False
EE,Estonia,2024-01,83078.0,,2024,1,True,,,False,2024-01-01,12,True
EE,Estonia,2024-02,107352.0,,2024,2,True,,,False,2024-02-01,12,True
EE,Estonia,2024-03,115718.0,,2024,3,True,,,False,2024-03-01,12,True
EE,Estonia,2024-04,115731.0,,2024,4,True,,,False,2024-04-01,12,True
EE,Estonia,2024-05,163192.0,,2024,5,True,,,False,2024-05-01,12,True
EE,Estonia,2024-06,203732.0,,2024,6,True,,,False,2024-06-01,12,True
EE,Estonia,2024-07,272450.0,,2024,7,True,,,False,2024-07-01,12,True
EE,Estonia,2024-08,231813.0,,2024,8,True,,,False,2024-08-01,12,True
EE,Estonia,2024-09,152888.0,,2024,9,True,,,False,2024-09-01,12,True
EE,Estonia,2024-10,142814.0,,2024,10,True,,,False,2024-10-01,12,True
EE,Estonia,2024-11,118720.0,,2024,11,True,,,False,2024-11-01,12,True
EE,Estonia,2024-12,147575.0,,2024,12,True,,,False,2024-12-01,12,True
EE,Estonia,2025-01,95418.0,,2025,1,True,,,False,2025-01-01,12,True
EE,Estonia,2025-02,110486.0,,2025,2,True,,,False,2025-02-01,12,True
EE,Estonia,2025-03,108143.0,,2025,3,True,,,False,2025-03-01,12,True
EE,Estonia,2025-04,133783.0,,2025,4,True,,,False,2025-04-01,12,True
EE,Estonia,2025-05,169317.0,,2025,5,True,,,False,2025-05-01,12,True
EE,Estonia,2025-06,214615.0,,2025,6,True,,,False,2025-06-01,12,True
EE,Estonia,2025-07,278166.0,,2025,7,True,,,False,2025-07-01,12,True
EE,Estonia,2025-08,240664.0,,2025,8,True,,,False,2025-08-01,12,True
EE,Estonia,2025-09,157293.0,,2025,9,True,,,False,2025-09-01,12,True
EE,Estonia,2025-10,152704.0,,2025,10,True,,,False,2025-10-01,12,True
EE,Estonia,2025-11,127273.0,,2025,11,True,,,False,2025-11-01,12,True
EE,Estonia,2025-12,161981.0,,2025,12,True,,,False,2025-12-01,12,True
EE,Estonia,2026-01,99491.0,,2026,1,True,,,False,2026-01-01,6,False
EE,Estonia,2026-02,112583.0,,2026,2,True,,,False,2026-02-01,6,False
EE,Estonia,2026-03,116802.0,,2026,3,True,,,False,2026-03-01,6,False
EE,Estonia,2026-04,139249.0,,2026,4,True,,,False,2026-04-01,6,False
EE,Estonia,2026-05,185131.0,,2026,5,True,,,False,2026-05-01,6,False
EE,Estonia,2026-06,221647.0,,2026,6,True,,,False,2026-06-01,6,False
EE,Estonia,2026-07,,,2026,7,False,,,False,2026-07-01,6,False
FI,Finland,2021-01,18778.0,,2021,1,True,,,False,2021-01-01,12,True
FI,Finland,2021-02,17566.0,,2021,2,True,,,False,2021-02-01,12,True
FI,Finland,2021-03,13856.0,,2021,3,True,,,False,2021-03-01,12,True
FI,Finland,2021-04,14931.0,,2021,4,True,,,False,2021-04-01,12,True
FI,Finland,2021-05,21481.0,,2021,5,True,,,False,2021-05-01,12,True
FI,Finland,2021-06,33361.0,,2021,6,True,,,False,2021-06-01,12,True
FI,Finland,2021-07,83039.0,,2021,7,True,,,False,2021-07-01,12,True
FI,Finland,2021-08,116504.0,,2021,8,True,,,False,2021-08-01,12,True
FI,Finland,2021-09,86179.0,,2021,9,True,,,False,2021-09-01,12,True
FI,Finland,2021-10,83091.0,,2021,10,True,,,False,2021-10-01,12,True
FI,Finland,2021-11,112455.0,,2021,11,True,,,False,2021-11-01,12,True
FI,Finland,2021-12,205721.0,,2021,12,True,,,False,2021-12-01,12,True
FI,Finland,2022-01,107190.0,,2022,1,True,,,False,2022-01-01,12,True
FI,Finland,2022-02,120172.0,,2022,2,True,,,False,2022-02-01,12,True
FI,Finland,2022-03,138697.0,,2022,3,True,,,False,2022-03-01,12,True
FI,Finland,2022-04,96906.0,,2022,4,True,,,False,2022-04-01,12,True
FI,Finland,2022-05,139300.0,,2022,5,True,,,False,2022-05-01,12,True
FI,Finland,2022-06,199453.0,,2022,6,True,,,False,2022-06-01,12,True
FI,Finland,2022-07,271034.0,,2022,7,True,,,False,2022-07-01,12,True
FI,Finland,2022-08,271414.0,,2022,8,True,,,False,2022-08-01,12,True
FI,Finland,2022-09,196944.0,,2022,9,True,,,False,2022-09-01,12,True
FI,Finland,2022-10,139521.0,,2022,10,True,,,False,2022-10-01,12,True
FI,Finland,2022-11,163782.0,,2022,11,True,,,False,2022-11-01,12,True
FI,Finland,2022-12,283062.0,,2022,12,True,,,False,2022-12-01,12,True
FI,Finland,2023-01,201906.0,,2023,1,True,,,False,2023-01-01,12,True
FI,Finland,2023-02,201859.0,,2023,2,True,,,False,2023-02-01,12,True
FI,Finland,2023-03,195438.0,,2023,3,True,,,False,2023-03-01,12,True
FI,Finland,2023-04,124859.0,,2023,4,True,,,False,2023-04-01,12,True
FI,Finland,2023-05,173198.0,,2023,5,True,,,False,2023-05-01,12,True
FI,Finland,2023-06,234167.0,,2023,6,True,,,False,2023-06-01,12,True
FI,Finland,2023-07,296287.0,,2023,7,True,,,False,2023-07-01,12,True
FI,Finland,2023-08,295531.0,,2023,8,True,,,False,2023-08-01,12,True
FI,Finland,2023-09,189733.0,,2023,9,True,,,False,2023-09-01,12,True
FI,Finland,2023-10,148173.0,,2023,10,True,,,False,2023-10-01,12,True
FI,Finland,2023-11,186109.0,,2023,11,True,,,False,2023-11-01,12,True
FI,Finland,2023-12,313263.0,,2023,12,True,,,False,2023-12-01,12,True
FI,Finland,2024-01,227770.0,,2024,1,True,,,False,2024-01-01,12,True
FI,Finland,2024-02,246899.0,,2024,2,True,,,False,2024-02-01,12,True
FI,Finland,2024-03,220852.0,,2024,3,True,,,False,2024-03-01,12,True
FI,Finland,2024-04,129514.0,,2024,4,True,,,False,2024-04-01,12,True
FI,Finland,2024-05,167434.0,,2024,5,True,,,False,2024-05-01,12,True
FI,Finland,2024-06,265690.0,,2024,6,True,,,False,2024-06-01,12,True
FI,Finland,2024-07,336256.0,,2024,7,True,,,False,2024-07-01,12,True
FI,Finland,2024-08,328000.0,,2024,8,True,,,False,2024-08-01,12,True
FI,Finland,2024-09,205840.0,,2024,9,True,,,False,2024-09-01,12,True
FI,Finland,2024-10,174133.0,,2024,10,True,,,False,2024-10-01,12,True
FI,Finland,2024-11,223461.0,,2024,11,True,,,False,2024-11-01,12,True
FI,Finland,2024-12,378111.0,,2024,12,True,,,False,2024-12-01,12,True
FI,Finland,2025-01,283117.0,,2025,1,True,,,False,2025-01-01,12,True
FI,Finland,2025-02,285733.0,,2025,2,True,,,False,2025-02-01,12,True
FI,Finland,2025-03,268551.0,,2025,3,True,,,False,2025-03-01,12,True
FI,Finland,2025-04,153970.0,,2025,4,True,,,False,2025-04-01,12,True
FI,Finland,2025-05,211301.0,,2025,5,True,,,False,2025-05-01,12,True
FI,Finland,2025-06,305482.0,,2025,6,True,,,False,2025-06-01,12,True
FI,Finland,2025-07,373416.0,,2025,7,True,,,False,2025-07-01,12,True
FI,Finland,2025-08,380811.0,,2025,8,True,,,False,2025-08-01,12,True
FI,Finland,2025-09,241768.0,,2025,9,True,,,False,2025-09-01,12,True
FI,Finland,2025-10,194873.0,,2025,10,True,,,False,2025-10-01,12,True
FI,Finland,2025-11,247922.0,,2025,11,True,,,False,2025-11-01,12,True
FI,Finland,2025-12,433490.0,,2025,12,True,,,False,2025-12-01,12,True
FI,Finland,2026-01,293824.0,,2026,1,True,,,False,2026-01-01,7,False
FI,Finland,2026-02,313987.0,,2026,2,True,,,False,2026-02-01,7,False
FI,Finland,2026-03,278433.0,,2026,3,True,,,False,2026-03-01,7,False
FI,Finland,2026-04,157673.0,,2026,4,True,,,False,2026-04-01,7,False
FI,Finland,2026-05,199421.0,,2026,5,True,,,False,2026-05-01,7,False
FI,Finland,2026-06,271313.0,,2026,6,True,,,False,2026-06-01,7,False
FI,Finland,2026-07,374930.0,,2026,7,True,,,False,2026-07-01,7,False
FR,France,2021-01,332145.0,,2021,1,True,,,False,2021-01-01,11,False
FR,France,2021-02,315635.0,,2021,2,True,,,False,2021-02-01,11,False
FR,France,2021-03,384366.0,,2021,3,True,,,False,2021-03-01,11,False
FR,France,2021-04,355861.0,,2021,4,True,,,False,2021-04-01,11,False
FR,France,2021-05,485326.0,,2021,5,True,,,False,2021-05-01,11,False
FR,France,2021-06,,|C,2021,6,False,False,False,True,2021-06-01,11,False
FR,France,2021-07,4160937.0,,2021,7,True,,,False,2021-07-01,11,False
FR,France,2021-08,4460716.0,,2021,8,True,,,False,2021-08-01,11,False
FR,France,2021-09,3216742.0,,2021,9,True,,,False,2021-09-01,11,False
FR,France,2021-10,2190857.0,,2021,10,True,,,False,2021-10-01,11,False
FR,France,2021-11,1518664.0,,2021,11,True,,,False,2021-11-01,11,False
FR,France,2021-12,1628027.0,,2021,12,True,,,False,2021-12-01,11,False
FR,France,2022-01,1254768.0,,2022,1,True,,,False,2022-01-01,12,True
FR,France,2022-02,1472956.0,,2022,2,True,,,False,2022-02-01,12,True
FR,France,2022-03,2024403.0,,2022,3,True,,,False,2022-03-01,12,True
FR,France,2022-04,3478035.0,,2022,4,True,,,False,2022-04-01,12,True
FR,France,2022-05,3894576.0,,2022,5,True,,,False,2022-05-01,12,True
FR,France,2022-06,5217170.0,,2022,6,True,,,False,2022-06-01,12,True
FR,France,2022-07,7812385.0,,2022,7,True,,,False,2022-07-01,12,True
FR,France,2022-08,7449960.0,,2022,8,True,,,False,2022-08-01,12,True
FR,France,2022-09,5046020.0,,2022,9,True,,,False,2022-09-01,12,True
FR,France,2022-10,3176540.0,,2022,10,True,,,False,2022-10-01,12,True
FR,France,2022-11,2087947.0,,2022,11,True,,,False,2022-11-01,12,True
FR,France,2022-12,2757605.0,,2022,12,True,,,False,2022-12-01,12,True
FR,France,2023-01,2298732.0,,2023,1,True,,,False,2023-01-01,12,True
FR,France,2023-02,2191952.0,,2023,2,True,,,False,2023-02-01,12,True
FR,France,2023-03,2640119.0,,2023,3,True,,,False,2023-03-01,12,True
FR,France,2023-04,4141122.0,,2023,4,True,,,False,2023-04-01,12,True
FR,France,2023-05,4742873.0,,2023,5,True,,,False,2023-05-01,12,True
FR,France,2023-06,5935724.0,,2023,6,True,,,False,2023-06-01,12,True
FR,France,2023-07,8263235.0,,2023,7,True,,,False,2023-07-01,12,True
FR,France,2023-08,8088448.0,,2023,8,True,,,False,2023-08-01,12,True
FR,France,2023-09,5850014.0,,2023,9,True,,,False,2023-09-01,12,True
FR,France,2023-10,3449002.0,e,2023,10,True,True,False,False,2023-10-01,12,True
FR,France,2023-11,2213982.0,e,2023,11,True,True,False,False,2023-11-01,12,True
FR,France,2023-12,2896678.0,e,2023,12,True,True,False,False,2023-12-01,12,True
FR,France,2024-01,2368501.0,,2024,1,True,,,False,2024-01-01,12,True
FR,France,2024-02,2518659.0,,2024,2,True,,,False,2024-02-01,12,True
FR,France,2024-03,3559255.0,,2024,3,True,,,False,2024-03-01,12,True
FR,France,2024-04,3768661.0,,2024,4,True,,,False,2024-04-01,12,True
FR,France,2024-05,5198085.0,,2024,5,True,,,False,2024-05-01,12,True
FR,France,2024-06,5843135.0,,2024,6,True,,,False,2024-06-01,12,True
FR,France,2024-07,8073749.0,,2024,7,True,,,False,2024-07-01,12,True
FR,France,2024-08,8123521.0,,2024,8,True,,,False,2024-08-01,12,True
FR,France,2024-09,5593775.0,,2024,9,True,,,False,2024-09-01,12,True
FR,France,2024-10,3912369.0,,2024,10,True,,,False,2024-10-01,12,True
FR,France,2024-11,2458906.0,,2024,11,True,,,False,2024-11-01,12,True
FR,France,2024-12,3143421.0,,2024,12,True,,,False,2024-12-01,12,True
FR,France,2025-01,2572997.0,,2025,1,True,,,False,2025-01-01,12,True
FR,France,2025-02,2514917.0,,2025,2,True,,,False,2025-02-01,12,True
FR,France,2025-03,3168929.0,,2025,3,True,,,False,2025-03-01,12,True
FR,France,2025-04,4655852.0,,2025,4,True,,,False,2025-04-01,12,True
FR,France,2025-05,5265407.0,,2025,5,True,,,False,2025-05-01,12,True
FR,France,2025-06,6630830.0,,2025,6,True,,,False,2025-06-01,12,True
FR,France,2025-07,8892420.0,,2025,7,True,,,False,2025-07-01,12,True
FR,France,2025-08,8893851.0,,2025,8,True,,,False,2025-08-01,12,True
FR,France,2025-09,5940570.0,,2025,9,True,,,False,2025-09-01,12,True
FR,France,2025-10,4249387.0,,2025,10,True,,,False,2025-10-01,12,True
FR,France,2025-11,2582357.0,,2025,11,True,,,False,2025-11-01,12,True
FR,France,2025-12,3381769.0,,2025,12,True,,,False,2025-12-01,12,True
FR,France,2026-01,2747545.0,,2026,1,True,,,False,2026-01-01,6,False
FR,France,2026-02,2627506.0,,2026,2,True,,,False,2026-02-01,6,False
FR,France,2026-03,3252536.0,,2026,3,True,,,False,2026-03-01,6,False
FR,France,2026-04,4616120.0,,2026,4,True,,,False,2026-04-01,6,False
FR,France,2026-05,5715004.0,,2026,5,True,,,False,2026-05-01,6,False
FR,France,2026-06,6398156.0,,2026,6,True,,,False,2026-06-01,6,False
FR,France,2026-07,,,2026,7,False,,,False,2026-07-01,6,False
DE,Germany,2021-01,169984.0,,2021,1,True,,,False,2021-01-01,12,True
DE,Germany,2021-02,186270.0,,2021,2,True,,,False,2021-02-01,12,True
DE,Germany,2021-03,230216.0,,2021,3,True,,,False,2021-03-01,12,True
DE,Germany,2021-04,219128.0,,2021,4,True,,,False,2021-04-01,12,True
DE,Germany,2021-05,291267.0,,2021,5,True,,,False,2021-05-01,12,True
DE,Germany,2021-06,669924.0,,2021,6,True,,,False,2021-06-01,12,True
DE,Germany,2021-07,1855788.0,,2021,7,True,,,False,2021-07-01,12,True
DE,Germany,2021-08,2041142.0,,2021,8,True,,,False,2021-08-01,12,True
DE,Germany,2021-09,1789764.0,,2021,9,True,,,False,2021-09-01,12,True
DE,Germany,2021-10,1884542.0,,2021,10,True,,,False,2021-10-01,12,True
DE,Germany,2021-11,1349793.0,,2021,11,True,,,False,2021-11-01,12,True
DE,Germany,2021-12,969189.0,,2021,12,True,,,False,2021-12-01,12,True
DE,Germany,2022-01,701139.0,,2022,1,True,,,False,2022-01-01,12,True
DE,Germany,2022-02,1007194.0,,2022,2,True,,,False,2022-02-01,12,True
DE,Germany,2022-03,1282377.0,,2022,3,True,,,False,2022-03-01,12,True
DE,Germany,2022-04,2007686.0,,2022,4,True,,,False,2022-04-01,12,True
DE,Germany,2022-05,2515321.0,,2022,5,True,,,False,2022-05-01,12,True
DE,Germany,2022-06,2771297.0,,2022,6,True,,,False,2022-06-01,12,True
DE,Germany,2022-07,4071542.0,,2022,7,True,,,False,2022-07-01,12,True
DE,Germany,2022-08,3685698.0,,2022,8,True,,,False,2022-08-01,12,True
DE,Germany,2022-09,3042363.0,,2022,9,True,,,False,2022-09-01,12,True
DE,Germany,2022-10,2786313.0,,2022,10,True,,,False,2022-10-01,12,True
DE,Germany,2022-11,2115675.0,,2022,11,True,,,False,2022-11-01,12,True
DE,Germany,2022-12,2396314.0,,2022,12,True,,,False,2022-12-01,12,True
DE,Germany,2023-01,1636790.0,,2023,1,True,,,False,2023-01-01,12,True
DE,Germany,2023-02,1990817.0,,2023,2,True,,,False,2023-02-01,12,True
DE,Germany,2023-03,2128299.0,,2023,3,True,,,False,2023-03-01,12,True
DE,Germany,2023-04,2704167.0,,2023,4,True,,,False,2023-04-01,12,True
DE,Germany,2023-05,3104531.0,,2023,5,True,,,False,2023-05-01,12,True
DE,Germany,2023-06,3301095.0,,2023,6,True,,,False,2023-06-01,12,True
DE,Germany,2023-07,4474342.0,,2023,7,True,,,False,2023-07-01,12,True
DE,Germany,2023-08,3973920.0,,2023,8,True,,,False,2023-08-01,12,True
DE,Germany,2023-09,3368527.0,,2023,9,True,,,False,2023-09-01,12,True
DE,Germany,2023-10,2936132.0,,2023,10,True,,,False,2023-10-01,12,True
DE,Germany,2023-11,2364857.0,,2023,11,True,,,False,2023-11-01,12,True
DE,Germany,2023-12,2728284.0,,2023,12,True,,,False,2023-12-01,12,True
DE,Germany,2024-01,1852039.0,,2024,1,True,,,False,2024-01-01,12,True
DE,Germany,2024-02,2159993.0,,2024,2,True,,,False,2024-02-01,12,True
DE,Germany,2024-03,2383477.0,,2024,3,True,,,False,2024-03-01,12,True
DE,Germany,2024-04,2782653.0,,2024,4,True,,,False,2024-04-01,12,True
DE,Germany,2024-05,3244059.0,,2024,5,True,,,False,2024-05-01,12,True
DE,Germany,2024-06,3947889.0,,2024,6,True,,,False,2024-06-01,12,True
DE,Germany,2024-07,4779022.0,,2024,7,True,,,False,2024-07-01,12,True
DE,Germany,2024-08,4359180.0,,2024,8,True,,,False,2024-08-01,12,True
DE,Germany,2024-09,3461728.0,,2024,9,True,,,False,2024-09-01,12,True
DE,Germany,2024-10,3029308.0,,2024,10,True,,,False,2024-10-01,12,True
DE,Germany,2024-11,2508213.0,,2024,11,True,,,False,2024-11-01,12,True
DE,Germany,2024-12,2912238.0,,2024,12,True,,,False,2024-12-01,12,True
DE,Germany,2025-01,1869061.0,,2025,1,True,,,False,2025-01-01,12,True
DE,Germany,2025-02,2180842.0,,2025,2,True,,,False,2025-02-01,12,True
DE,Germany,2025-03,2294956.0,,2025,3,True,,,False,2025-03-01,12,True
DE,Germany,2025-04,2898714.0,,2025,4,True,,,False,2025-04-01,12,True
DE,Germany,2025-05,3329016.0,,2025,5,True,,,False,2025-05-01,12,True
DE,Germany,2025-06,3447435.0,,2025,6,True,,,False,2025-06-01,12,True
DE,Germany,2025-07,4666150.0,,2025,7,True,,,False,2025-07-01,12,True
DE,Germany,2025-08,4229612.0,,2025,8,True,,,False,2025-08-01,12,True
DE,Germany,2025-09,3451143.0,,2025,9,True,,,False,2025-09-01,12,True
DE,Germany,2025-10,3171850.0,,2025,10,True,,,False,2025-10-01,12,True
DE,Germany,2025-11,2550385.0,,2025,11,True,,,False,2025-11-01,12,True
DE,Germany,2025-12,3045185.0,,2025,12,True,,,False,2025-12-01,12,True
DE,Germany,2026-01,1938956.0,,2026,1,True,,,False,2026-01-01,6,False
DE,Germany,2026-02,2271693.0,,2026,2,True,,,False,2026-02-01,6,False
DE,Germany,2026-03,2341823.0,,2026,3,True,,,False,2026-03-01,6,False
DE,Germany,2026-04,2934984.0,,2026,4,True,,,False,2026-04-01,6,False
DE,Germany,2026-05,3353419.0,,2026,5,True,,,False,2026-05-01,6,False
DE,Germany,2026-06,3505228.0,,2026,6,True,,,False,2026-06-01,6,False
DE,Germany,2026-07,,,2026,7,False,,,False,2026-07-01,6,False
EL,Greece,2021-01,28068.0,,2021,1,True,,,False,2021-01-01,12,True
EL,Greece,2021-02,29503.0,,2021,2,True,,,False,2021-02-01,12,True
EL,Greece,2021-03,43425.0,,2021,3,True,,,False,2021-03-01,12,True
EL,Greece,2021-04,49981.0,,2021,4,True,,,False,2021-04-01,12,True
EL,Greece,2021-05,353687.0,,2021,5,True,,,False,2021-05-01,12,True
EL,Greece,2021-06,1269491.0,,2021,6,True,,,False,2021-06-01,12,True
EL,Greece,2021-07,2813658.0,,2021,7,True,,,False,2021-07-01,12,True
EL,Greece,2021-08,3192598.0,,2021,8,True,,,False,2021-08-01,12,True
EL,Greece,2021-09,2681554.0,,2021,9,True,,,False,2021-09-01,12,True
EL,Greece,2021-10,1522679.0,,2021,10,True,,,False,2021-10-01,12,True
EL,Greece,2021-11,253402.0,,2021,11,True,,,False,2021-11-01,12,True
EL,Greece,2021-12,124745.0,,2021,12,True,,,False,2021-12-01,12,True
EL,Greece,2022-01,104271.0,,2022,1,True,,,False,2022-01-01,12,True
EL,Greece,2022-02,133249.0,,2022,2,True,,,False,2022-02-01,12,True
EL,Greece,2022-03,283655.0,,2022,3,True,,,False,2022-03-01,12,True
EL,Greece,2022-04,1184801.0,,2022,4,True,,,False,2022-04-01,12,True
EL,Greece,2022-05,2579014.0,,2022,5,True,,,False,2022-05-01,12,True
EL,Greece,2022-06,3628509.0,,2022,6,True,,,False,2022-06-01,12,True
EL,Greece,2022-07,4363472.0,,2022,7,True,,,False,2022-07-01,12,True
EL,Greece,2022-08,4739357.0,,2022,8,True,,,False,2022-08-01,12,True
EL,Greece,2022-09,3641830.0,,2022,9,True,,,False,2022-09-01,12,True
EL,Greece,2022-10,1805038.0,,2022,10,True,,,False,2022-10-01,12,True
EL,Greece,2022-11,376131.0,,2022,11,True,,,False,2022-11-01,12,True
EL,Greece,2022-12,262141.0,,2022,12,True,,,False,2022-12-01,12,True
EL,Greece,2023-01,232074.0,,2023,1,True,,,False,2023-01-01,12,True
EL,Greece,2023-02,263990.0,,2023,2,True,,,False,2023-02-01,12,True
EL,Greece,2023-03,460928.0,,2023,3,True,,,False,2023-03-01,12,True
EL,Greece,2023-04,1379638.0,,2023,4,True,,,False,2023-04-01,12,True
EL,Greece,2023-05,2952223.0,,2023,5,True,,,False,2023-05-01,12,True
EL,Greece,2023-06,4183744.0,,2023,6,True,,,False,2023-06-01,12,True
EL,Greece,2023-07,4879855.0,,2023,7,True,,,False,2023-07-01,12,True
EL,Greece,2023-08,5123990.0,,2023,8,True,,,False,2023-08-01,12,True
EL,Greece,2023-09,4036174.0,,2023,9,True,,,False,2023-09-01,12,True
EL,Greece,2023-10,2034430.0,,2023,10,True,,,False,2023-10-01,12,True
EL,Greece,2023-11,447720.0,,2023,11,True,,,False,2023-11-01,12,True
EL,Greece,2023-12,281805.0,,2023,12,True,,,False,2023-12-01,12,True
EL,Greece,2024-01,242055.0,,2024,1,True,,,False,2024-01-01,12,True
EL,Greece,2024-02,277151.0,,2024,2,True,,,False,2024-02-01,12,True
EL,Greece,2024-03,493493.0,,2024,3,True,,,False,2024-03-01,12,True
EL,Greece,2024-04,1434996.0,,2024,4,True,,,False,2024-04-01,12,True
EL,Greece,2024-05,3075653.0,,2024,5,True,,,False,2024-05-01,12,True
EL,Greece,2024-06,4352728.0,,2024,6,True,,,False,2024-06-01,12,True
EL,Greece,2024-07,5033094.0,,2024,7,True,,,False,2024-07-01,12,True
EL,Greece,2024-08,5387057.0,,2024,8,True,,,False,2024-08-01,12,True
EL,Greece,2024-09,4172666.0,,2024,9,True,,,False,2024-09-01,12,True
EL,Greece,2024-10,2142831.0,,2024,10,True,,,False,2024-10-01,12,True
EL,Greece,2024-11,465653.0,,2024,11,True,,,False,2024-11-01,12,True
EL,Greece,2024-12,299262.0,,2024,12,True,,,False,2024-12-01,12,True
EL,Greece,2025-01,257753.0,,2025,1,True,,,False,2025-01-01,12,True
EL,Greece,2025-02,287268.0,,2025,2,True,,,False,2025-02-01,12,True
EL,Greece,2025-03,523242.0,,2025,3,True,,,False,2025-03-01,12,True
EL,Greece,2025-04,1494039.0,,2025,4,True,,,False,2025-04-01,12,True
EL,Greece,2025-05,3184986.0,,2025,5,True,,,False,2025-05-01,12,True
EL,Greece,2025-06,4501505.0,,2025,6,True,,,False,2025-06-01,12,True
EL,Greece,2025-07,5156299.0,,2025,7,True,,,False,2025-07-01,12,True
EL,Greece,2025-08,5541920.0,,2025,8,True,,,False,2025-08-01,12,True
EL,Greece,2025-09,4238977.0,,2025,9,True,,,False,2025-09-01,12,True
EL,Greece,2025-10,2190311.0,,2025,10,True,,,False,2025-10-01,12,True
EL,Greece,2025-11,484424.0,,2025,11,True,,,False,2025-11-01,12,True
EL,Greece,2025-12,314515.0,,2025,12,True,,,False,2025-12-01,12,True
EL,Greece,2026-01,248257.0,,2026,1,True,,,False,2026-01-01,6,False
EL,Greece,2026-02,286851.0,,2026,2,True,,,False,2026-02-01,6,False
EL,Greece,2026-03,499267.0,,2026,3,True,,,False,2026-03-01,6,False
EL,Greece,2026-04,1455091.0,,2026,4,True,,,False,2026-04-01,6,False
EL,Greece,2026-05,3279815.0,,2026,5,True,,,False,2026-05-01,6,False
EL,Greece,2026-06,4578797.0,,2026,6,True,,,False,2026-06-01,6,False
EL,Greece,2026-07,,,2026,7,False,,,False,2026-07-01,6,False
HU,Hungary,2021-01,19724.0,,2021,1,True,,,False,2021-01-01,12,True
HU,Hungary,2021-02,21054.0,,2021,2,True,,,False,2021-02-01,12,True
HU,Hungary,2021-03,27066.0,,2021,3,True,,,False,2021-03-01,12,True
HU,Hungary,2021-04,25715.0,,2021,4,True,,,False,2021-04-01,12,True
HU,Hungary,2021-05,42200.0,,2021,5,True,,,False,2021-05-01,12,True
HU,Hungary,2021-06,93992.0,,2021,6,True,,,False,2021-06-01,12,True
HU,Hungary,2021-07,237695.0,,2021,7,True,,,False,2021-07-01,12,True
HU,Hungary,2021-08,348149.0,,2021,8,True,,,False,2021-08-01,12,True
HU,Hungary,2021-09,284669.0,,2021,9,True,,,False,2021-09-01,12,True
HU,Hungary,2021-10,284599.0,,2021,10,True,,,False,2021-10-01,12,True
HU,Hungary,2021-11,252741.0,,2021,11,True,,,False,2021-11-01,12,True
HU,Hungary,2021-12,230731.0,,2021,12,True,,,False,2021-12-01,12,True
HU,Hungary,2022-01,193608.0,,2022,1,True,,,False,2022-01-01,12,True
HU,Hungary,2022-02,212941.0,,2022,2,True,,,False,2022-02-01,12,True
HU,Hungary,2022-03,296592.0,,2022,3,True,,,False,2022-03-01,12,True
HU,Hungary,2022-04,346185.0,,2022,4,True,,,False,2022-04-01,12,True
HU,Hungary,2022-05,358194.0,,2022,5,True,,,False,2022-05-01,12,True
HU,Hungary,2022-06,403329.0,,2022,6,True,,,False,2022-06-01,12,True
HU,Hungary,2022-07,547784.0,,2022,7,True,,,False,2022-07-01,12,True
HU,Hungary,2022-08,628866.0,,2022,8,True,,,False,2022-08-01,12,True
HU,Hungary,2022-09,413503.0,,2022,9,True,,,False,2022-09-01,12,True
HU,Hungary,2022-10,392236.0,,2022,10,True,,,False,2022-10-01,12,True
HU,Hungary,2022-11,330596.0,,2022,11,True,,,False,2022-11-01,12,True
HU,Hungary,2022-12,357476.0,,2022,12,True,,,False,2022-12-01,12,True
HU,Hungary,2023-01,279937.0,,2023,1,True,,,False,2023-01-01,12,True
HU,Hungary,2023-02,266778.0,,2023,2,True,,,False,2023-02-01,12,True
HU,Hungary,2023-03,318927.0,,2023,3,True,,,False,2023-03-01,12,True
HU,Hungary,2023-04,439308.0,,2023,4,True,,,False,2023-04-01,12,True
HU,Hungary,2023-05,462070.0,,2023,5,True,,,False,2023-05-01,12,True
HU,Hungary,2023-06,518945.0,,2023,6,True,,,False,2023-06-01,12,True
HU,Hungary,2023-07,661151.0,,2023,7,True,,,False,2023-07-01,12,True
HU,Hungary,2023-08,725703.0,,2023,8,True,,,False,2023-08-01,12,True
HU,Hungary,2023-09,529309.0,,2023,9,True,,,False,2023-09-01,12,True
HU,Hungary,2023-10,461119.0,,2023,10,True,,,False,2023-10-01,12,True
HU,Hungary,2023-11,392345.0,,2023,11,True,,,False,2023-11-01,12,True
HU,Hungary,2023-12,431495.0,,2023,12,True,,,False,2023-12-01,12,True
HU,Hungary,2024-01,305098.0,,2024,1,True,,,False,2024-01-01,12,True
HU,Hungary,2024-02,326625.0,,2024,2,True,,,False,2024-02-01,12,True
HU,Hungary,2024-03,401443.0,,2024,3,True,,,False,2024-03-01,12,True
HU,Hungary,2024-04,437847.0,,2024,4,True,,,False,2024-04-01,12,True
HU,Hungary,2024-05,568507.0,,2024,5,True,,,False,2024-05-01,12,True
HU,Hungary,2024-06,583003.0,,2024,6,True,,,False,2024-06-01,12,True
HU,Hungary,2024-07,708828.0,,2024,7,True,,,False,2024-07-01,12,True
HU,Hungary,2024-08,798897.0,,2024,8,True,,,False,2024-08-01,12,True
HU,Hungary,2024-09,541015.0,,2024,9,True,,,False,2024-09-01,12,True
HU,Hungary,2024-10,522285.0,,2024,10,True,,,False,2024-10-01,12,True
HU,Hungary,2024-11,446179.0,,2024,11,True,,,False,2024-11-01,12,True
HU,Hungary,2024-12,474227.0,,2024,12,True,,,False,2024-12-01,12,True
HU,Hungary,2025-01,363398.0,,2025,1,True,,,False,2025-01-01,12,True
HU,Hungary,2025-02,358935.0,,2025,2,True,,,False,2025-02-01,12,True
HU,Hungary,2025-03,412902.0,,2025,3,True,,,False,2025-03-01,12,True
HU,Hungary,2025-04,507378.0,,2025,4,True,,,False,2025-04-01,12,True
HU,Hungary,2025-05,573847.0,,2025,5,True,,,False,2025-05-01,12,True
HU,Hungary,2025-06,600375.0,,2025,6,True,,,False,2025-06-01,12,True
HU,Hungary,2025-07,729454.0,,2025,7,True,,,False,2025-07-01,12,True
HU,Hungary,2025-08,858076.0,,2025,8,True,,,False,2025-08-01,12,True
HU,Hungary,2025-09,591313.0,,2025,9,True,,,False,2025-09-01,12,True
HU,Hungary,2025-10,567928.0,,2025,10,True,,,False,2025-10-01,12,True
HU,Hungary,2025-11,500727.0,,2025,11,True,,,False,2025-11-01,12,True
HU,Hungary,2025-12,534544.0,,2025,12,True,,,False,2025-12-01,12,True
HU,Hungary,2026-01,396412.0,,2026,1,True,,,False,2026-01-01,6,False
HU,Hungary,2026-02,389889.0,,2026,2,True,,,False,2026-02-01,6,False
HU,Hungary,2026-03,423547.0,,2026,3,True,,,False,2026-03-01,6,False
HU,Hungary,2026-04,512691.0,,2026,4,True,,,False,2026-04-01,6,False
HU,Hungary,2026-05,611927.0,,2026,5,True,,,False,2026-05-01,6,False
HU,Hungary,2026-06,628313.0,,2026,6,True,,,False,2026-06-01,6,False
HU,Hungary,2026-07,,,2026,7,False,,,False,2026-07-01,6,False
IE,Ireland,2021-01,16578.0,e,2021,1,True,True,False,False,2021-01-01,12,True
IE,Ireland,2021-02,8369.0,e,2021,2,True,True,False,False,2021-02-01,12,True
IE,Ireland,2021-03,10060.0,e,2021,3,True,True,False,False,2021-03-01,12,True
IE,Ireland,2021-04,9993.0,e,2021,4,True,True,False,False,2021-04-01,12,True
IE,Ireland,2021-05,15002.0,e,2021,5,True,True,False,False,2021-05-01,12,True
IE,Ireland,2021-06,30159.0,e,2021,6,True,True,False,False,2021-06-01,12,True
IE,Ireland,2021-07,55229.0,e,2021,7,True,True,False,False,2021-07-01,12,True
IE,Ireland,2021-08,106782.0,e,2021,8,True,True,False,False,2021-08-01,12,True
IE,Ireland,2021-09,110764.0,e,2021,9,True,True,False,False,2021-09-01,12,True
IE,Ireland,2021-10,137099.0,e,2021,10,True,True,False,False,2021-10-01,12,True
IE,Ireland,2021-11,127655.0,e,2021,11,True,True,False,False,2021-11-01,12,True
IE,Ireland,2021-12,110932.0,e,2021,12,True,True,False,False,2021-12-01,12,True
IE,Ireland,2022-01,86179.0,e,2022,1,True,True,False,False,2022-01-01,12,True
IE,Ireland,2022-02,119765.0,e,2022,2,True,True,False,False,2022-02-01,12,True
IE,Ireland,2022-03,180515.0,e,2022,3,True,True,False,False,2022-03-01,12,True
IE,Ireland,2022-04,215617.0,e,2022,4,True,True,False,False,2022-04-01,12,True
IE,Ireland,2022-05,250806.0,e,2022,5,True,True,False,False,2022-05-01,12,True
IE,Ireland,2022-06,291389.0,e,2022,6,True,True,False,False,2022-06-01,12,True
IE,Ireland,2022-07,292440.0,e,2022,7,True,True,False,False,2022-07-01,12,True
IE,Ireland,2022-08,294660.0,e,2022,8,True,True,False,False,2022-08-01,12,True
IE,Ireland,2022-09,257322.0,e,2022,9,True,True,False,False,2022-09-01,12,True
IE,Ireland,2022-10,263230.0,e,2022,10,True,True,False,False,2022-10-01,12,True
IE,Ireland,2022-11,209818.0,e,2022,11,True,True,False,False,2022-11-01,12,True
IE,Ireland,2022-12,206271.0,e,2022,12,True,True,False,False,2022-12-01,12,True
IE,Ireland,2023-01,163546.0,e,2023,1,True,True,False,False,2023-01-01,12,True
IE,Ireland,2023-02,183386.0,e,2023,2,True,True,False,False,2023-02-01,12,True
IE,Ireland,2023-03,263146.0,e,2023,3,True,True,False,False,2023-03-01,12,True
IE,Ireland,2023-04,259089.0,e,2023,4,True,True,False,False,2023-04-01,12,True
IE,Ireland,2023-05,342670.0,e,2023,5,True,True,False,False,2023-05-01,12,True
IE,Ireland,2023-06,420535.0,e,2023,6,True,True,False,False,2023-06-01,12,True
IE,Ireland,2023-07,425531.0,e,2023,7,True,True,False,False,2023-07-01,12,True
IE,Ireland,2023-08,487428.0,e,2023,8,True,True,False,False,2023-08-01,12,True
IE,Ireland,2023-09,412992.0,e,2023,9,True,True,False,False,2023-09-01,12,True
IE,Ireland,2023-10,371338.0,e,2023,10,True,True,False,False,2023-10-01,12,True
IE,Ireland,2023-11,271081.0,e,2023,11,True,True,False,False,2023-11-01,12,True
IE,Ireland,2023-12,234916.0,e,2023,12,True,True,False,False,2023-12-01,12,True
IE,Ireland,2024-01,206783.0,,2024,1,True,,,False,2024-01-01,12,True
IE,Ireland,2024-02,261313.0,,2024,2,True,,,False,2024-02-01,12,True
IE,Ireland,2024-03,343062.0,,2024,3,True,,,False,2024-03-01,12,True
IE,Ireland,2024-04,342151.0,,2024,4,True,,,False,2024-04-01,12,True
IE,Ireland,2024-05,430668.0,,2024,5,True,,,False,2024-05-01,12,True
IE,Ireland,2024-06,457726.0,,2024,6,True,,,False,2024-06-01,12,True
IE,Ireland,2024-07,434622.0,,2024,7,True,,,False,2024-07-01,12,True
IE,Ireland,2024-08,497992.0,,2024,8,True,,,False,2024-08-01,12,True
IE,Ireland,2024-09,423743.0,,2024,9,True,,,False,2024-09-01,12,True
IE,Ireland,2024-10,375138.0,,2024,10,True,,,False,2024-10-01,12,True
IE,Ireland,2024-11,249654.0,,2024,11,True,,,False,2024-11-01,12,True
IE,Ireland,2024-12,180522.0,,2024,12,True,,,False,2024-12-01,12,True
IE,Ireland,2025-01,151223.0,,2025,1,True,,,False,2025-01-01,12,True
IE,Ireland,2025-02,171073.0,,2025,2,True,,,False,2025-02-01,12,True
IE,Ireland,2025-03,262808.0,,2025,3,True,,,False,2025-03-01,12,True
IE,Ireland,2025-04,322960.0,,2025,4,True,,,False,2025-04-01,12,True
IE,Ireland,2025-05,396571.0,,2025,5,True,,,False,2025-05-01,12,True
IE,Ireland,2025-06,482977.0,,2025,6,True,,,False,2025-06-01,12,True
IE,Ireland,2025-07,458758.0,,2025,7,True,,,False,2025-07-01,12,True
IE,Ireland,2025-08,543643.0,,2025,8,True,,,False,2025-08-01,12,True
IE,Ireland,2025-09,423862.0,,2025,9,True,,,False,2025-09-01,12,True
IE,Ireland,2025-10,385253.0,,2025,10,True,,,False,2025-10-01,12,True
IE,Ireland,2025-11,295984.0,,2025,11,True,,,False,2025-11-01,12,True
IE,Ireland,2025-12,270388.0,,2025,12,True,,,False,2025-12-01,12,True
IE,Ireland,2026-01,224543.0,,2026,1,True,,,False,2026-01-01,6,False
IE,Ireland,2026-02,249683.0,,2026,2,True,,,False,2026-02-01,6,False
IE,Ireland,2026-03,316575.0,,2026,3,True,,,False,2026-03-01,6,False
IE,Ireland,2026-04,351015.0,,2026,4,True,,,False,2026-04-01,6,False
IE,Ireland,2026-05,446803.0,,2026,5,True,,,False,2026-05-01,6,False
IE,Ireland,2026-06,476138.0,,2026,6,True,,,False,2026-06-01,6,False
IE,Ireland,2026-07,,,2026,7,False,,,False,2026-07-01,6,False
IT,Italy,2021-01,114083.0,,2021,1,True,,,False,2021-01-01,12,True
IT,Italy,2021-02,169612.0,,2021,2,True,,,False,2021-02-01,12,True
IT,Italy,2021-03,150452.0,,2021,3,True,,,False,2021-03-01,12,True
IT,Italy,2021-04,153573.0,,2021,4,True,,,False,2021-04-01,12,True
IT,Italy,2021-05,993769.0,,2021,5,True,,,False,2021-05-01,12,True
IT,Italy,2021-06,2400883.0,,2021,6,True,,,False,2021-06-01,12,True
IT,Italy,2021-07,5585175.0,,2021,7,True,,,False,2021-07-01,12,True
IT,Italy,2021-08,6120327.0,,2021,8,True,,,False,2021-08-01,12,True
IT,Italy,2021-09,4984311.0,,2021,9,True,,,False,2021-09-01,12,True
IT,Italy,2021-10,3697043.0,,2021,10,True,,,False,2021-10-01,12,True
IT,Italy,2021-11,1335662.0,,2021,11,True,,,False,2021-11-01,12,True
IT,Italy,2021-12,1198327.0,,2021,12,True,,,False,2021-12-01,12,True
IT,Italy,2022-01,962409.0,,2022,1,True,,,False,2022-01-01,12,True
IT,Italy,2022-02,1554684.0,,2022,2,True,,,False,2022-02-01,12,True
IT,Italy,2022-03,1994244.0,,2022,3,True,,,False,2022-03-01,12,True
IT,Italy,2022-04,4091056.0,,2022,4,True,,,False,2022-04-01,12,True
IT,Italy,2022-05,5261488.0,,2022,5,True,,,False,2022-05-01,12,True
IT,Italy,2022-06,7265081.0,,2022,6,True,,,False,2022-06-01,12,True
IT,Italy,2022-07,9063689.0,,2022,7,True,,,False,2022-07-01,12,True
IT,Italy,2022-08,8027891.0,,2022,8,True,,,False,2022-08-01,12,True
IT,Italy,2022-09,7465458.0,,2022,9,True,,,False,2022-09-01,12,True
IT,Italy,2022-10,5219772.0,,2022,10,True,,,False,2022-10-01,12,True
IT,Italy,2022-11,2118475.0,,2022,11,True,,,False,2022-11-01,12,True
IT,Italy,2022-12,2062605.0,,2022,12,True,,,False,2022-12-01,12,True
IT,Italy,2023-01,2135564.0,,2023,1,True,,,False,2023-01-01,12,True
IT,Italy,2023-02,2609119.0,,2023,2,True,,,False,2023-02-01,12,True
IT,Italy,2023-03,3264433.0,,2023,3,True,,,False,2023-03-01,12,True
IT,Italy,2023-04,5689036.0,,2023,4,True,,,False,2023-04-01,12,True
IT,Italy,2023-05,7220709.0,,2023,5,True,,,False,2023-05-01,12,True
IT,Italy,2023-06,8158750.0,,2023,6,True,,,False,2023-06-01,12,True
IT,Italy,2023-07,10139303.0,,2023,7,True,,,False,2023-07-01,12,True
IT,Italy,2023-08,8978541.0,,2023,8,True,,,False,2023-08-01,12,True
IT,Italy,2023-09,8687692.0,,2023,9,True,,,False,2023-09-01,12,True
IT,Italy,2023-10,6088608.0,,2023,10,True,,,False,2023-10-01,12,True
IT,Italy,2023-11,2512518.0,,2023,11,True,,,False,2023-11-01,12,True
IT,Italy,2023-12,2393782.0,,2023,12,True,,,False,2023-12-01,12,True
IT,Italy,2024-01,2451717.0,,2024,1,True,,,False,2024-01-01,12,True
IT,Italy,2024-02,3065317.0,,2024,2,True,,,False,2024-02-01,12,True
IT,Italy,2024-03,4181640.0,,2024,3,True,,,False,2024-03-01,12,True
IT,Italy,2024-04,5522372.0,,2024,4,True,,,False,2024-04-01,12,True
IT,Italy,2024-05,8563531.0,,2024,5,True,,,False,2024-05-01,12,True
IT,Italy,2024-06,8647803.0,,2024,6,True,,,False,2024-06-01,12,True
IT,Italy,2024-07,10485286.0,,2024,7,True,,,False,2024-07-01,12,True
IT,Italy,2024-08,9678654.0,,2024,8,True,,,False,2024-08-01,12,True
IT,Italy,2024-09,9060963.0,,2024,9,True,,,False,2024-09-01,12,True
IT,Italy,2024-10,6717708.0,,2024,10,True,,,False,2024-10-01,12,True
IT,Italy,2024-11,2831451.0,,2024,11,True,,,False,2024-11-01,12,True
IT,Italy,2024-12,2744849.0,,2024,12,True,,,False,2024-12-01,12,True
IT,Italy,2025-01,2905219.0,,2025,1,True,,,False,2025-01-01,12,True
IT,Italy,2025-02,3450681.0,,2025,2,True,,,False,2025-02-01,12,True
IT,Italy,2025-03,4265747.0,,2025,3,True,,,False,2025-03-01,12,True
IT,Italy,2025-04,7118408.0,,2025,4,True,,,False,2025-04-01,12,True
IT,Italy,2025-05,8883419.0,,2025,5,True,,,False,2025-05-01,12,True
IT,Italy,2025-06,11038892.0,,2025,6,True,,,False,2025-06-01,12,True
IT,Italy,2025-07,12392512.0,,2025,7,True,,,False,2025-07-01,12,True
IT,Italy,2025-08,11529796.0,,2025,8,True,,,False,2025-08-01,12,True
IT,Italy,2025-09,10928016.0,,2025,9,True,,,False,2025-09-01,12,True
IT,Italy,2025-10,8379663.0,,2025,10,True,,,False,2025-10-01,12,True
IT,Italy,2025-11,3510560.0,,2025,11,True,,,False,2025-11-01,12,True
IT,Italy,2025-12,3494347.0,,2025,12,True,,,False,2025-12-01,12,True
IT,Italy,2026-01,2868865.0,,2026,1,True,,,False,2026-01-01,6,False
IT,Italy,2026-02,3639629.0,,2026,2,True,,,False,2026-02-01,6,False
IT,Italy,2026-03,4578273.0,,2026,3,True,,,False,2026-03-01,6,False
IT,Italy,2026-04,7378127.0,,2026,4,True,,,False,2026-04-01,6,False
IT,Italy,2026-05,9364600.0,,2026,5,True,,,False,2026-05-01,6,False
IT,Italy,2026-06,10523597.0,,2026,6,True,,,False,2026-06-01,6,False
IT,Italy,2026-07,,,2026,7,False,,,False,2026-07-01,6,False
LV,Latvia,2021-01,7283.0,,2021,1,True,,,False,2021-01-01,12,True
LV,Latvia,2021-02,7940.0,,2021,2,True,,,False,2021-02-01,12,True
LV,Latvia,2021-03,7262.0,,2021,3,True,,,False,2021-03-01,12,True
LV,Latvia,2021-04,8551.0,,2021,4,True,,,False,2021-04-01,12,True
LV,Latvia,2021-05,13725.0,,2021,5,True,,,False,2021-05-01,12,True
LV,Latvia,2021-06,20912.0,,2021,6,True,,,False,2021-06-01,12,True
LV,Latvia,2021-07,83909.0,,2021,7,True,,,False,2021-07-01,12,True
LV,Latvia,2021-08,107010.0,,2021,8,True,,,False,2021-08-01,12,True
LV,Latvia,2021-09,71476.0,,2021,9,True,,,False,2021-09-01,12,True
LV,Latvia,2021-10,51857.0,,2021,10,True,,,False,2021-10-01,12,True
LV,Latvia,2021-11,26150.0,,2021,11,True,,,False,2021-11-01,12,True
LV,Latvia,2021-12,36113.0,,2021,12,True,,,False,2021-12-01,12,True
LV,Latvia,2022-01,29429.0,,2022,1,True,,,False,2022-01-01,12,True
LV,Latvia,2022-02,36445.0,,2022,2,True,,,False,2022-02-01,12,True
LV,Latvia,2022-03,47115.0,,2022,3,True,,,False,2022-03-01,12,True
LV,Latvia,2022-04,73820.0,,2022,4,True,,,False,2022-04-01,12,True
LV,Latvia,2022-05,87626.0,,2022,5,True,,,False,2022-05-01,12,True
LV,Latvia,2022-06,129715.0,,2022,6,True,,,False,2022-06-01,12,True
LV,Latvia,2022-07,181664.0,,2022,7,True,,,False,2022-07-01,12,True
LV,Latvia,2022-08,185337.0,,2022,8,True,,,False,2022-08-01,12,True
LV,Latvia,2022-09,112363.0,,2022,9,True,,,False,2022-09-01,12,True
LV,Latvia,2022-10,100190.0,,2022,10,True,,,False,2022-10-01,12,True
LV,Latvia,2022-11,74761.0,,2022,11,True,,,False,2022-11-01,12,True
LV,Latvia,2022-12,80408.0,,2022,12,True,,,False,2022-12-01,12,True
LV,Latvia,2023-01,62925.0,,2023,1,True,,,False,2023-01-01,11,False
LV,Latvia,2023-02,70061.0,,2023,2,True,,,False,2023-02-01,11,False
LV,Latvia,2023-03,73284.0,,2023,3,True,,,False,2023-03-01,11,False
LV,Latvia,2023-04,98698.0,,2023,4,True,,,False,2023-04-01,11,False
LV,Latvia,2023-05,120102.0,,2023,5,True,,,False,2023-05-01,11,False
LV,Latvia,2023-06,145443.0,,2023,6,True,,,False,2023-06-01,11,False
LV,Latvia,2023-07,214835.0,,2023,7,True,,,False,2023-07-01,11,False
LV,Latvia,2023-08,195169.0,,2023,8,True,,,False,2023-08-01,11,False
LV,Latvia,2023-09,100990.0,,2023,9,True,,,False,2023-09-01,11,False
LV,Latvia,2023-10,,,2023,10,False,,,False,2023-10-01,11,False
LV,Latvia,2023-11,89501.0,,2023,11,True,,,False,2023-11-01,11,False
LV,Latvia,2023-12,94452.0,,2023,12,True,,,False,2023-12-01,11,False
LV,Latvia,2024-01,66686.0,,2024,1,True,,,False,2024-01-01,12,True
LV,Latvia,2024-02,69936.0,,2024,2,True,,,False,2024-02-01,12,True
LV,Latvia,2024-03,91885.0,,2024,3,True,,,False,2024-03-01,12,True
LV,Latvia,2024-04,105699.0,,2024,4,True,,,False,2024-04-01,12,True
LV,Latvia,2024-05,138660.0,,2024,5,True,,,False,2024-05-01,12,True
LV,Latvia,2024-06,175048.0,,2024,6,True,,,False,2024-06-01,12,True
LV,Latvia,2024-07,237239.0,,2024,7,True,,,False,2024-07-01,12,True
LV,Latvia,2024-08,224452.0,,2024,8,True,,,False,2024-08-01,12,True
LV,Latvia,2024-09,144004.0,,2024,9,True,,,False,2024-09-01,12,True
LV,Latvia,2024-10,119129.0,,2024,10,True,,,False,2024-10-01,12,True
LV,Latvia,2024-11,102447.0,,2024,11,True,,,False,2024-11-01,12,True
LV,Latvia,2024-12,111973.0,,2024,12,True,,,False,2024-12-01,12,True
LV,Latvia,2025-01,85258.0,,2025,1,True,,,False,2025-01-01,12,True
LV,Latvia,2025-02,84435.0,,2025,2,True,,,False,2025-02-01,12,True
LV,Latvia,2025-03,96091.0,,2025,3,True,,,False,2025-03-01,12,True
LV,Latvia,2025-04,115769.0,,2025,4,True,,,False,2025-04-01,12,True
LV,Latvia,2025-05,152327.0,,2025,5,True,,,False,2025-05-01,12,True
LV,Latvia,2025-06,174275.0,,2025,6,True,,,False,2025-06-01,12,True
LV,Latvia,2025-07,235082.0,,2025,7,True,,,False,2025-07-01,12,True
LV,Latvia,2025-08,238498.0,,2025,8,True,,,False,2025-08-01,12,True
LV,Latvia,2025-09,154735.0,,2025,9,True,,,False,2025-09-01,12,True
LV,Latvia,2025-10,120615.0,,2025,10,True,,,False,2025-10-01,12,True
LV,Latvia,2025-11,99700.0,,2025,11,True,,,False,2025-11-01,12,True
LV,Latvia,2025-12,115059.0,,2025,12,True,,,False,2025-12-01,12,True
LV,Latvia,2026-01,78197.0,,2026,1,True,,,False,2026-01-01,6,False
LV,Latvia,2026-02,78153.0,,2026,2,True,,,False,2026-02-01,6,False
LV,Latvia,2026-03,90291.0,,2026,3,True,,,False,2026-03-01,6,False
LV,Latvia,2026-04,113366.0,,2026,4,True,,,False,2026-04-01,6,False
LV,Latvia,2026-05,146001.0,,2026,5,True,,,False,2026-05-01,6,False
LV,Latvia,2026-06,181262.0,,2026,6,True,,,False,2026-06-01,6,False
LV,Latvia,2026-07,,,2026,7,False,,,False,2026-07-01,6,False
LT,Lithuania,2021-01,12211.0,,2021,1,True,,,False,2021-01-01,12,True
LT,Lithuania,2021-02,13017.0,,2021,2,True,,,False,2021-02-01,12,True
LT,Lithuania,2021-03,15133.0,,2021,3,True,,,False,2021-03-01,12,True
LT,Lithuania,2021-04,16923.0,,2021,4,True,,,False,2021-04-01,12,True
LT,Lithuania,2021-05,21439.0,,2021,5,True,,,False,2021-05-01,12,True
LT,Lithuania,2021-06,32952.0,,2021,6,True,,,False,2021-06-01,12,True
LT,Lithuania,2021-07,71192.0,,2021,7,True,,,False,2021-07-01,12,True
LT,Lithuania,2021-08,86877.0,,2021,8,True,,,False,2021-08-01,12,True
LT,Lithuania,2021-09,69688.0,,2021,9,True,,,False,2021-09-01,12,True
LT,Lithuania,2021-10,61290.0,,2021,10,True,,,False,2021-10-01,12,True
LT,Lithuania,2021-11,53382.0,,2021,11,True,,,False,2021-11-01,12,True
LT,Lithuania,2021-12,51257.0,,2021,12,True,,,False,2021-12-01,12,True
LT,Lithuania,2022-01,42429.0,,2022,1,True,,,False,2022-01-01,12,True
LT,Lithuania,2022-02,45546.0,,2022,2,True,,,False,2022-02-01,12,True
LT,Lithuania,2022-03,68210.0,,2022,3,True,,,False,2022-03-01,12,True
LT,Lithuania,2022-04,81409.0,,2022,4,True,,,False,2022-04-01,12,True
LT,Lithuania,2022-05,98379.0,,2022,5,True,,,False,2022-05-01,12,True
LT,Lithuania,2022-06,120663.0,,2022,6,True,,,False,2022-06-01,12,True
LT,Lithuania,2022-07,145938.0,,2022,7,True,,,False,2022-07-01,12,True
LT,Lithuania,2022-08,145938.0,,2022,8,True,,,False,2022-08-01,12,True
LT,Lithuania,2022-09,117062.0,,2022,9,True,,,False,2022-09-01,12,True
LT,Lithuania,2022-10,104506.0,,2022,10,True,,,False,2022-10-01,12,True
LT,Lithuania,2022-11,90550.0,,2022,11,True,,,False,2022-11-01,12,True
LT,Lithuania,2022-12,83772.0,,2022,12,True,,,False,2022-12-01,12,True
LT,Lithuania,2023-01,75652.0,,2023,1,True,,,False,2023-01-01,12,True
LT,Lithuania,2023-02,69284.0,,2023,2,True,,,False,2023-02-01,12,True
LT,Lithuania,2023-03,90894.0,,2023,3,True,,,False,2023-03-01,12,True
LT,Lithuania,2023-04,100868.0,,2023,4,True,,,False,2023-04-01,12,True
LT,Lithuania,2023-05,129557.0,,2023,5,True,,,False,2023-05-01,12,True
LT,Lithuania,2023-06,138659.0,,2023,6,True,,,False,2023-06-01,12,True
LT,Lithuania,2023-07,173480.0,,2023,7,True,,,False,2023-07-01,12,True
LT,Lithuania,2023-08,175510.0,,2023,8,True,,,False,2023-08-01,12,True
LT,Lithuania,2023-09,125184.0,,2023,9,True,,,False,2023-09-01,12,True
LT,Lithuania,2023-10,107843.0,,2023,10,True,,,False,2023-10-01,12,True
LT,Lithuania,2023-11,91487.0,,2023,11,True,,,False,2023-11-01,12,True
LT,Lithuania,2023-12,91131.0,,2023,12,True,,,False,2023-12-01,12,True
LT,Lithuania,2024-01,78366.0,,2024,1,True,,,False,2024-01-01,12,True
LT,Lithuania,2024-02,70145.0,,2024,2,True,,,False,2024-02-01,12,True
LT,Lithuania,2024-03,95052.0,,2024,3,True,,,False,2024-03-01,12,True
LT,Lithuania,2024-04,104057.0,,2024,4,True,,,False,2024-04-01,12,True
LT,Lithuania,2024-05,137232.0,,2024,5,True,,,False,2024-05-01,12,True
LT,Lithuania,2024-06,151556.0,,2024,6,True,,,False,2024-06-01,12,True
LT,Lithuania,2024-07,176712.0,,2024,7,True,,,False,2024-07-01,12,True
LT,Lithuania,2024-08,192959.0,,2024,8,True,,,False,2024-08-01,12,True
LT,Lithuania,2024-09,138065.0,,2024,9,True,,,False,2024-09-01,12,True
LT,Lithuania,2024-10,115011.0,,2024,10,True,,,False,2024-10-01,12,True
LT,Lithuania,2024-11,94570.0,,2024,11,True,,,False,2024-11-01,12,True
LT,Lithuania,2024-12,95327.0,,2024,12,True,,,False,2024-12-01,12,True
LT,Lithuania,2025-01,58897.0,,2025,1,True,,,False,2025-01-01,12,True
LT,Lithuania,2025-02,67896.0,,2025,2,True,,,False,2025-02-01,12,True
LT,Lithuania,2025-03,82816.0,,2025,3,True,,,False,2025-03-01,12,True
LT,Lithuania,2025-04,107505.0,,2025,4,True,,,False,2025-04-01,12,True
LT,Lithuania,2025-05,148567.0,,2025,5,True,,,False,2025-05-01,12,True
LT,Lithuania,2025-06,164646.0,,2025,6,True,,,False,2025-06-01,12,True
LT,Lithuania,2025-07,223555.0,,2025,7,True,,,False,2025-07-01,12,True
LT,Lithuania,2025-08,211227.0,,2025,8,True,,,False,2025-08-01,12,True
LT,Lithuania,2025-09,145687.0,,2025,9,True,,,False,2025-09-01,12,True
LT,Lithuania,2025-10,115037.0,,2025,10,True,,,False,2025-10-01,12,True
LT,Lithuania,2025-11,87530.0,,2025,11,True,,,False,2025-11-01,12,True
LT,Lithuania,2025-12,99200.0,,2025,12,True,,,False,2025-12-01,12,True
LT,Lithuania,2026-01,80082.0,,2026,1,True,,,False,2026-01-01,6,False
LT,Lithuania,2026-02,70614.0,,2026,2,True,,,False,2026-02-01,6,False
LT,Lithuania,2026-03,89912.0,,2026,3,True,,,False,2026-03-01,6,False
LT,Lithuania,2026-04,102804.0,,2026,4,True,,,False,2026-04-01,6,False
LT,Lithuania,2026-05,145380.0,,2026,5,True,,,False,2026-05-01,6,False
LT,Lithuania,2026-06,164434.0,,2026,6,True,,,False,2026-06-01,6,False
LT,Lithuania,2026-07,,,2026,7,False,,,False,2026-07-01,6,False
LU,Luxembourg,2021-01,16133.0,,2021,1,True,,,False,2021-01-01,12,True
LU,Luxembourg,2021-02,16323.0,,2021,2,True,,,False,2021-02-01,12,True
LU,Luxembourg,2021-03,21153.0,,2021,3,True,,,False,2021-03-01,12,True
LU,Luxembourg,2021-04,30831.0,,2021,4,True,,,False,2021-04-01,12,True
LU,Luxembourg,2021-05,62034.0,,2021,5,True,,,False,2021-05-01,12,True
LU,Luxembourg,2021-06,61704.0,,2021,6,True,,,False,2021-06-01,12,True
LU,Luxembourg,2021-07,91572.0,,2021,7,True,,,False,2021-07-01,12,True
LU,Luxembourg,2021-08,108591.0,,2021,8,True,,,False,2021-08-01,12,True
LU,Luxembourg,2021-09,82295.0,,2021,9,True,,,False,2021-09-01,12,True
LU,Luxembourg,2021-10,82071.0,,2021,10,True,,,False,2021-10-01,12,True
LU,Luxembourg,2021-11,60044.0,,2021,11,True,,,False,2021-11-01,12,True
LU,Luxembourg,2021-12,50508.0,,2021,12,True,,,False,2021-12-01,12,True
LU,Luxembourg,2022-01,36740.0,,2022,1,True,,,False,2022-01-01,12,True
LU,Luxembourg,2022-02,44597.0,,2022,2,True,,,False,2022-02-01,12,True
LU,Luxembourg,2022-03,58391.0,,2022,3,True,,,False,2022-03-01,12,True
LU,Luxembourg,2022-04,91704.0,,2022,4,True,,,False,2022-04-01,12,True
LU,Luxembourg,2022-05,113741.0,,2022,5,True,,,False,2022-05-01,12,True
LU,Luxembourg,2022-06,117633.0,,2022,6,True,,,False,2022-06-01,12,True
LU,Luxembourg,2022-07,161242.0,,2022,7,True,,,False,2022-07-01,12,True
LU,Luxembourg,2022-08,154585.0,,2022,8,True,,,False,2022-08-01,12,True
LU,Luxembourg,2022-09,107729.0,,2022,9,True,,,False,2022-09-01,12,True
LU,Luxembourg,2022-10,98857.0,,2022,10,True,,,False,2022-10-01,12,True
LU,Luxembourg,2022-11,74838.0,,2022,11,True,,,False,2022-11-01,12,True
LU,Luxembourg,2022-12,71997.0,,2022,12,True,,,False,2022-12-01,12,True
LU,Luxembourg,2023-01,54096.0,,2023,1,True,,,False,2023-01-01,12,True
LU,Luxembourg,2023-02,59087.0,,2023,2,True,,,False,2023-02-01,12,True
LU,Luxembourg,2023-03,72614.0,,2023,3,True,,,False,2023-03-01,12,True
LU,Luxembourg,2023-04,116183.0,,2023,4,True,,,False,2023-04-01,12,True
LU,Luxembourg,2023-05,131441.0,,2023,5,True,,,False,2023-05-01,12,True
LU,Luxembourg,2023-06,124747.0,,2023,6,True,,,False,2023-06-01,12,True
LU,Luxembourg,2023-07,168907.0,,2023,7,True,,,False,2023-07-01,12,True
LU,Luxembourg,2023-08,160003.0,,2023,8,True,,,False,2023-08-01,12,True
LU,Luxembourg,2023-09,117284.0,,2023,9,True,,,False,2023-09-01,12,True
LU,Luxembourg,2023-10,102609.0,,2023,10,True,,,False,2023-10-01,12,True
LU,Luxembourg,2023-11,74381.0,,2023,11,True,,,False,2023-11-01,12,True
LU,Luxembourg,2023-12,76720.0,,2023,12,True,,,False,2023-12-01,12,True
LU,Luxembourg,2024-01,55491.0,,2024,1,True,,,False,2024-01-01,12,True
LU,Luxembourg,2024-02,63877.0,,2024,2,True,,,False,2024-02-01,12,True
LU,Luxembourg,2024-03,78923.0,,2024,3,True,,,False,2024-03-01,12,True
LU,Luxembourg,2024-04,111087.0,,2024,4,True,,,False,2024-04-01,12,True
LU,Luxembourg,2024-05,150431.0,,2024,5,True,,,False,2024-05-01,12,True
LU,Luxembourg,2024-06,137595.0,,2024,6,True,,,False,2024-06-01,12,True
LU,Luxembourg,2024-07,177703.0,,2024,7,True,,,False,2024-07-01,12,True
LU,Luxembourg,2024-08,192617.0,,2024,8,True,,,False,2024-08-01,12,True
LU,Luxembourg,2024-09,120985.0,,2024,9,True,,,False,2024-09-01,12,True
LU,Luxembourg,2024-10,107166.0,,2024,10,True,,,False,2024-10-01,12,True
LU,Luxembourg,2024-11,83292.0,,2024,11,True,,,False,2024-11-01,12,True
LU,Luxembourg,2024-12,85686.0,,2024,12,True,,,False,2024-12-01,12,True
LU,Luxembourg,2025-01,59960.0,,2025,1,True,,,False,2025-01-01,12,True
LU,Luxembourg,2025-02,63293.0,,2025,2,True,,,False,2025-02-01,12,True
LU,Luxembourg,2025-03,78819.0,,2025,3,True,,,False,2025-03-01,12,True
LU,Luxembourg,2025-04,125286.0,,2025,4,True,,,False,2025-04-01,12,True
LU,Luxembourg,2025-05,143644.0,,2025,5,True,,,False,2025-05-01,12,True
LU,Luxembourg,2025-06,150806.0,,2025,6,True,,,False,2025-06-01,12,True
LU,Luxembourg,2025-07,183375.0,,2025,7,True,,,False,2025-07-01,12,True
LU,Luxembourg,2025-08,176309.0,,2025,8,True,,,False,2025-08-01,12,True
LU,Luxembourg,2025-09,131950.0,,2025,9,True,,,False,2025-09-01,12,True
LU,Luxembourg,2025-10,115743.0,,2025,10,True,,,False,2025-10-01,12,True
LU,Luxembourg,2025-11,90337.0,,2025,11,True,,,False,2025-11-01,12,True
LU,Luxembourg,2025-12,94228.0,,2025,12,True,,,False,2025-12-01,12,True
LU,Luxembourg,2026-01,64345.0,,2026,1,True,,,False,2026-01-01,6,False
LU,Luxembourg,2026-02,68430.0,,2026,2,True,,,False,2026-02-01,6,False
LU,Luxembourg,2026-03,85106.0,,2026,3,True,,,False,2026-03-01,6,False
LU,Luxembourg,2026-04,129851.0,,2026,4,True,,,False,2026-04-01,6,False
LU,Luxembourg,2026-05,145886.0,,2026,5,True,,,False,2026-05-01,6,False
LU,Luxembourg,2026-06,139576.0,,2026,6,True,,,False,2026-06-01,6,False
LU,Luxembourg,2026-07,,,2026,7,False,,,False,2026-07-01,6,False
MT,Malta,2021-01,10827.0,,2021,1,True,,,False,2021-01-01,12,True
MT,Malta,2021-02,13078.0,,2021,2,True,,,False,2021-02-01,12,True
MT,Malta,2021-03,8606.0,,2021,3,True,,,False,2021-03-01,12,True
MT,Malta,2021-04,8063.0,,2021,4,True,,,False,2021-04-01,12,True
MT,Malta,2021-05,22993.0,,2021,5,True,,,False,2021-05-01,12,True
MT,Malta,2021-06,63528.0,,2021,6,True,,,False,2021-06-01,12,True
MT,Malta,2021-07,95503.0,,2021,7,True,,,False,2021-07-01,12,True
MT,Malta,2021-08,123184.0,,2021,8,True,,,False,2021-08-01,12,True
MT,Malta,2021-09,117149.0,,2021,9,True,,,False,2021-09-01,12,True
MT,Malta,2021-10,125432.0,,2021,10,True,,,False,2021-10-01,12,True
MT,Malta,2021-11,88102.0,,2021,11,True,,,False,2021-11-01,12,True
MT,Malta,2021-12,60277.0,,2021,12,True,,,False,2021-12-01,12,True
MT,Malta,2022-01,38893.0,,2022,1,True,,,False,2022-01-01,12,True
MT,Malta,2022-02,62791.0,,2022,2,True,,,False,2022-02-01,12,True
MT,Malta,2022-03,89226.0,,2022,3,True,,,False,2022-03-01,12,True
MT,Malta,2022-04,137401.0,,2022,4,True,,,False,2022-04-01,12,True
MT,Malta,2022-05,153802.0,,2022,5,True,,,False,2022-05-01,12,True
MT,Malta,2022-06,165459.0,,2022,6,True,,,False,2022-06-01,12,True
MT,Malta,2022-07,170387.0,,2022,7,True,,,False,2022-07-01,12,True
MT,Malta,2022-08,180458.0,,2022,8,True,,,False,2022-08-01,12,True
MT,Malta,2022-09,161192.0,,2022,9,True,,,False,2022-09-01,12,True
MT,Malta,2022-10,170974.0,,2022,10,True,,,False,2022-10-01,12,True
MT,Malta,2022-11,125130.0,,2022,11,True,,,False,2022-11-01,12,True
MT,Malta,2022-12,103936.0,,2022,12,True,,,False,2022-12-01,12,True
MT,Malta,2023-01,89109.0,,2023,1,True,,,False,2023-01-01,12,True
MT,Malta,2023-02,106914.0,,2023,2,True,,,False,2023-02-01,12,True
MT,Malta,2023-03,140429.0,,2023,3,True,,,False,2023-03-01,12,True
MT,Malta,2023-04,187285.0,,2023,4,True,,,False,2023-04-01,12,True
MT,Malta,2023-05,192003.0,,2023,5,True,,,False,2023-05-01,12,True
MT,Malta,2023-06,198671.0,,2023,6,True,,,False,2023-06-01,12,True
MT,Malta,2023-07,199650.0,,2023,7,True,,,False,2023-07-01,12,True
MT,Malta,2023-08,211974.0,,2023,8,True,,,False,2023-08-01,12,True
MT,Malta,2023-09,187522.0,,2023,9,True,,,False,2023-09-01,12,True
MT,Malta,2023-10,204638.0,,2023,10,True,,,False,2023-10-01,12,True
MT,Malta,2023-11,142386.0,,2023,11,True,,,False,2023-11-01,12,True
MT,Malta,2023-12,131999.0,,2023,12,True,,,False,2023-12-01,12,True
MT,Malta,2024-01,112138.0,,2024,1,True,,,False,2024-01-01,12,True
MT,Malta,2024-02,134990.0,,2024,2,True,,,False,2024-02-01,12,True
MT,Malta,2024-03,174305.0,,2024,3,True,,,False,2024-03-01,12,True
MT,Malta,2024-04,204552.0,,2024,4,True,,,False,2024-04-01,12,True
MT,Malta,2024-05,226242.0,,2024,5,True,,,False,2024-05-01,12,True
MT,Malta,2024-06,214444.0,,2024,6,True,,,False,2024-06-01,12,True
MT,Malta,2024-07,225010.0,,2024,7,True,,,False,2024-07-01,12,True
MT,Malta,2024-08,232208.0,,2024,8,True,,,False,2024-08-01,12,True
MT,Malta,2024-09,206560.0,,2024,9,True,,,False,2024-09-01,12,True
MT,Malta,2024-10,229053.0,,2024,10,True,,,False,2024-10-01,12,True
MT,Malta,2024-11,176541.0,,2024,11,True,,,False,2024-11-01,12,True
MT,Malta,2024-12,142621.0,,2024,12,True,,,False,2024-12-01,12,True
MT,Malta,2025-01,124279.0,,2025,1,True,,,False,2025-01-01,12,True
MT,Malta,2025-02,160664.0,,2025,2,True,,,False,2025-02-01,12,True
MT,Malta,2025-03,198297.0,,2025,3,True,,,False,2025-03-01,12,True
MT,Malta,2025-04,230778.0,,2025,4,True,,,False,2025-04-01,12,True
MT,Malta,2025-05,240241.0,,2025,5,True,,,False,2025-05-01,12,True
MT,Malta,2025-06,233755.0,,2025,6,True,,,False,2025-06-01,12,True
MT,Malta,2025-07,244199.0,,2025,7,True,,,False,2025-07-01,12,True
MT,Malta,2025-08,249567.0,,2025,8,True,,,False,2025-08-01,12,True
MT,Malta,2025-09,226663.0,,2025,9,True,,,False,2025-09-01,12,True
MT,Malta,2025-10,265149.0,,2025,10,True,,,False,2025-10-01,12,True
MT,Malta,2025-11,201863.0,,2025,11,True,,,False,2025-11-01,12,True
MT,Malta,2025-12,180060.0,,2025,12,True,,,False,2025-12-01,12,True
MT,Malta,2026-01,154434.0,,2026,1,True,,,False,2026-01-01,6,False
MT,Malta,2026-02,193813.0,,2026,2,True,,,False,2026-02-01,6,False
MT,Malta,2026-03,231135.0,,2026,3,True,,,False,2026-03-01,6,False
MT,Malta,2026-04,263546.0,,2026,4,True,,,False,2026-04-01,6,False
MT,Malta,2026-05,278930.0,,2026,5,True,,,False,2026-05-01,6,False
MT,Malta,2026-06,262542.0,,2026,6,True,,,False,2026-06-01,6,False
MT,Malta,2026-07,,,2026,7,False,,,False,2026-07-01,6,False
NL,Netherlands,2021-01,112041.0,,2021,1,True,,,False,2021-01-01,12,True
NL,Netherlands,2021-02,135061.0,,2021,2,True,,,False,2021-02-01,12,True
NL,Netherlands,2021-03,125344.0,,2021,3,True,,,False,2021-03-01,12,True
NL,Netherlands,2021-04,141196.0,,2021,4,True,,,False,2021-04-01,12,True
NL,Netherlands,2021-05,264177.0,,2021,5,True,,,False,2021-05-01,12,True
NL,Netherlands,2021-06,431964.0,,2021,6,True,,,False,2021-06-01,12,True
NL,Netherlands,2021-07,914512.0,,2021,7,True,,,False,2021-07-01,12,True
NL,Netherlands,2021-08,895617.0,,2021,8,True,,,False,2021-08-01,12,True
NL,Netherlands,2021-09,902147.0,,2021,9,True,,,False,2021-09-01,12,True
NL,Netherlands,2021-10,1154942.0,,2021,10,True,,,False,2021-10-01,12,True
NL,Netherlands,2021-11,877489.0,,2021,11,True,,,False,2021-11-01,12,True
NL,Netherlands,2021-12,293594.0,,2021,12,True,,,False,2021-12-01,12,True
NL,Netherlands,2022-01,240725.0,,2022,1,True,,,False,2022-01-01,12,True
NL,Netherlands,2022-02,531158.0,,2022,2,True,,,False,2022-02-01,12,True
NL,Netherlands,2022-03,922247.0,,2022,3,True,,,False,2022-03-01,12,True
NL,Netherlands,2022-04,1777270.0,,2022,4,True,,,False,2022-04-01,12,True
NL,Netherlands,2022-05,1556884.0,,2022,5,True,,,False,2022-05-01,12,True
NL,Netherlands,2022-06,1714563.0,,2022,6,True,,,False,2022-06-01,12,True
NL,Netherlands,2022-07,2092634.0,,2022,7,True,,,False,2022-07-01,12,True
NL,Netherlands,2022-08,2040692.0,,2022,8,True,,,False,2022-08-01,12,True
NL,Netherlands,2022-09,1558487.0,,2022,9,True,,,False,2022-09-01,12,True
NL,Netherlands,2022-10,1801036.0,,2022,10,True,,,False,2022-10-01,12,True
NL,Netherlands,2022-11,1297640.0,,2022,11,True,,,False,2022-11-01,12,True
NL,Netherlands,2022-12,1048910.0,,2022,12,True,,,False,2022-12-01,12,True
NL,Netherlands,2023-01,978404.0,,2023,1,True,,,False,2023-01-01,12,True
NL,Netherlands,2023-02,1073604.0,,2023,2,True,,,False,2023-02-01,12,True
NL,Netherlands,2023-03,1280030.0,,2023,3,True,,,False,2023-03-01,12,True
NL,Netherlands,2023-04,2139178.0,,2023,4,True,,,False,2023-04-01,12,True
NL,Netherlands,2023-05,2091111.0,,2023,5,True,,,False,2023-05-01,12,True
NL,Netherlands,2023-06,1978919.0,,2023,6,True,,,False,2023-06-01,12,True
NL,Netherlands,2023-07,2486185.0,,2023,7,True,,,False,2023-07-01,12,True
NL,Netherlands,2023-08,2132118.0,,2023,8,True,,,False,2023-08-01,12,True
NL,Netherlands,2023-09,1757943.0,,2023,9,True,,,False,2023-09-01,12,True
NL,Netherlands,2023-10,1935613.0,,2023,10,True,,,False,2023-10-01,12,True
NL,Netherlands,2023-11,1325120.0,,2023,11,True,,,False,2023-11-01,12,True
NL,Netherlands,2023-12,1125350.0,,2023,12,True,,,False,2023-12-01,12,True
NL,Netherlands,2024-01,1099981.0,,2024,1,True,,,False,2024-01-01,12,True
NL,Netherlands,2024-02,1132527.0,,2024,2,True,,,False,2024-02-01,12,True
NL,Netherlands,2024-03,1627280.0,,2024,3,True,,,False,2024-03-01,12,True
NL,Netherlands,2024-04,1998165.0,,2024,4,True,,,False,2024-04-01,12,True
NL,Netherlands,2024-05,2137362.0,,2024,5,True,,,False,2024-05-01,12,True
NL,Netherlands,2024-06,1907860.0,,2024,6,True,,,False,2024-06-01,12,True
NL,Netherlands,2024-07,2442927.0,,2024,7,True,,,False,2024-07-01,12,True
NL,Netherlands,2024-08,2453682.0,,2024,8,True,,,False,2024-08-01,12,True
NL,Netherlands,2024-09,1864417.0,,2024,9,True,,,False,2024-09-01,12,True
NL,Netherlands,2024-10,1995399.0,,2024,10,True,,,False,2024-10-01,12,True
NL,Netherlands,2024-11,1350713.0,,2024,11,True,,,False,2024-11-01,12,True
NL,Netherlands,2024-12,1242914.0,,2024,12,True,,,False,2024-12-01,12,True
NL,Netherlands,2025-01,1149173.0,,2025,1,True,,,False,2025-01-01,12,True
NL,Netherlands,2025-02,1114103.0,,2025,2,True,,,False,2025-02-01,12,True
NL,Netherlands,2025-03,1538428.0,,2025,3,True,,,False,2025-03-01,12,True
NL,Netherlands,2025-04,1957395.0,,2025,4,True,,,False,2025-04-01,12,True
NL,Netherlands,2025-05,1963854.0,,2025,5,True,,,False,2025-05-01,12,True
NL,Netherlands,2025-06,2341870.0,,2025,6,True,,,False,2025-06-01,12,True
NL,Netherlands,2025-07,2424685.0,,2025,7,True,,,False,2025-07-01,12,True
NL,Netherlands,2025-08,2679181.0,,2025,8,True,,,False,2025-08-01,12,True
NL,Netherlands,2025-09,1874610.0,,2025,9,True,,,False,2025-09-01,12,True
NL,Netherlands,2025-10,2094451.0,,2025,10,True,,,False,2025-10-01,12,True
NL,Netherlands,2025-11,1440196.0,,2025,11,True,,,False,2025-11-01,12,True
NL,Netherlands,2025-12,1277896.0,,2025,12,True,,,False,2025-12-01,12,True
NL,Netherlands,2026-01,1182357.0,,2026,1,True,,,False,2026-01-01,6,False
NL,Netherlands,2026-02,1161035.0,,2026,2,True,,,False,2026-02-01,6,False
NL,Netherlands,2026-03,1495602.0,,2026,3,True,,,False,2026-03-01,6,False
NL,Netherlands,2026-04,2382218.0,,2026,4,True,,,False,2026-04-01,6,False
NL,Netherlands,2026-05,2327363.0,,2026,5,True,,,False,2026-05-01,6,False
NL,Netherlands,2026-06,2144829.0,,2026,6,True,,,False,2026-06-01,6,False
NL,Netherlands,2026-07,,,2026,7,False,,,False,2026-07-01,6,False
PL,Poland,2021-01,24850.0,,2021,1,True,,,False,2021-01-01,12,True
PL,Poland,2021-02,46935.0,,2021,2,True,,,False,2021-02-01,12,True
PL,Poland,2021-03,51241.0,,2021,3,True,,,False,2021-03-01,12,True
PL,Poland,2021-04,38916.0,,2021,4,True,,,False,2021-04-01,12,True
PL,Poland,2021-05,81905.0,,2021,5,True,,,False,2021-05-01,12,True
PL,Poland,2021-06,167737.0,,2021,6,True,,,False,2021-06-01,12,True
PL,Poland,2021-07,351885.0,,2021,7,True,,,False,2021-07-01,12,True
PL,Poland,2021-08,425149.0,,2021,8,True,,,False,2021-08-01,12,True
PL,Poland,2021-09,360979.0,,2021,9,True,,,False,2021-09-01,12,True
PL,Poland,2021-10,381714.0,,2021,10,True,,,False,2021-10-01,12,True
PL,Poland,2021-11,299344.0,,2021,11,True,,,False,2021-11-01,12,True
PL,Poland,2021-12,279177.0,,2021,12,True,,,False,2021-12-01,12,True
PL,Poland,2022-01,200219.0,,2022,1,True,,,False,2022-01-01,12,True
PL,Poland,2022-02,271862.0,,2022,2,True,,,False,2022-02-01,12,True
PL,Poland,2022-03,456113.0,,2022,3,True,,,False,2022-03-01,12,True
PL,Poland,2022-04,423582.0,,2022,4,True,,,False,2022-04-01,12,True
PL,Poland,2022-05,460056.0,,2022,5,True,,,False,2022-05-01,12,True
PL,Poland,2022-06,511029.0,,2022,6,True,,,False,2022-06-01,12,True
PL,Poland,2022-07,669203.0,,2022,7,True,,,False,2022-07-01,12,True
PL,Poland,2022-08,679910.0,,2022,8,True,,,False,2022-08-01,12,True
PL,Poland,2022-09,585718.0,,2022,9,True,,,False,2022-09-01,12,True
PL,Poland,2022-10,594457.0,,2022,10,True,,,False,2022-10-01,12,True
PL,Poland,2022-11,477037.0,,2022,11,True,,,False,2022-11-01,12,True
PL,Poland,2022-12,517425.0,,2022,12,True,,,False,2022-12-01,12,True
PL,Poland,2023-01,410619.0,,2023,1,True,,,False,2023-01-01,12,True
PL,Poland,2023-02,430182.0,,2023,2,True,,,False,2023-02-01,12,True
PL,Poland,2023-03,505997.0,,2023,3,True,,,False,2023-03-01,12,True
PL,Poland,2023-04,566844.0,,2023,4,True,,,False,2023-04-01,12,True
PL,Poland,2023-05,602013.0,,2023,5,True,,,False,2023-05-01,12,True
PL,Poland,2023-06,637053.0,,2023,6,True,,,False,2023-06-01,12,True
PL,Poland,2023-07,820648.0,,2023,7,True,,,False,2023-07-01,12,True
PL,Poland,2023-08,791719.0,,2023,8,True,,,False,2023-08-01,12,True
PL,Poland,2023-09,648914.0,,2023,9,True,,,False,2023-09-01,12,True
PL,Poland,2023-10,613235.0,,2023,10,True,,,False,2023-10-01,12,True
PL,Poland,2023-11,499018.0,,2023,11,True,,,False,2023-11-01,12,True
PL,Poland,2023-12,548313.0,,2023,12,True,,,False,2023-12-01,12,True
PL,Poland,2024-01,408895.0,,2024,1,True,,,False,2024-01-01,12,True
PL,Poland,2024-02,451087.0,,2024,2,True,,,False,2024-02-01,12,True
PL,Poland,2024-03,554870.0,,2024,3,True,,,False,2024-03-01,12,True
PL,Poland,2024-04,541239.0,,2024,4,True,,,False,2024-04-01,12,True
PL,Poland,2024-05,645367.0,,2024,5,True,,,False,2024-05-01,12,True
PL,Poland,2024-06,702926.0,,2024,6,True,,,False,2024-06-01,12,True
PL,Poland,2024-07,909824.0,,2024,7,True,,,False,2024-07-01,12,True
PL,Poland,2024-08,967153.0,,2024,8,True,,,False,2024-08-01,12,True
PL,Poland,2024-09,726186.0,,2024,9,True,,,False,2024-09-01,12,True
PL,Poland,2024-10,732208.0,,2024,10,True,,,False,2024-10-01,12,True
PL,Poland,2024-11,574481.0,,2024,11,True,,,False,2024-11-01,12,True
PL,Poland,2024-12,661282.0,,2024,12,True,,,False,2024-12-01,12,True
PL,Poland,2025-01,475262.0,,2025,1,True,,,False,2025-01-01,12,True
PL,Poland,2025-02,485090.0,,2025,2,True,,,False,2025-02-01,12,True
PL,Poland,2025-03,582011.0,,2025,3,True,,,False,2025-03-01,12,True
PL,Poland,2025-04,675527.0,,2025,4,True,,,False,2025-04-01,12,True
PL,Poland,2025-05,750052.0,,2025,5,True,,,False,2025-05-01,12,True
PL,Poland,2025-06,813523.0,,2025,6,True,,,False,2025-06-01,12,True
PL,Poland,2025-07,993080.0,,2025,7,True,,,False,2025-07-01,12,True
PL,Poland,2025-08,1061554.0,,2025,8,True,,,False,2025-08-01,12,True
PL,Poland,2025-09,799934.0,,2025,9,True,,,False,2025-09-01,12,True
PL,Poland,2025-10,802912.0,,2025,10,True,,,False,2025-10-01,12,True
PL,Poland,2025-11,635893.0,,2025,11,True,,,False,2025-11-01,12,True
PL,Poland,2025-12,782729.0,,2025,12,True,,,False,2025-12-01,12,True
PL,Poland,2026-01,542548.0,,2026,1,True,,,False,2026-01-01,6,False
PL,Poland,2026-02,551726.0,,2026,2,True,,,False,2026-02-01,6,False
PL,Poland,2026-03,667895.0,,2026,3,True,,,False,2026-03-01,6,False
PL,Poland,2026-04,727117.0,,2026,4,True,,,False,2026-04-01,6,False
PL,Poland,2026-05,840191.0,,2026,5,True,,,False,2026-05-01,6,False
PL,Poland,2026-06,848521.0,,2026,6,True,,,False,2026-06-01,6,False
PL,Poland,2026-07,,,2026,7,False,,,False,2026-07-01,6,False
PT,Portugal,2021-01,65258.0,,2021,1,True,,,False,2021-01-01,12,True
PT,Portugal,2021-02,27693.0,,2021,2,True,,,False,2021-02-01,12,True
PT,Portugal,2021-03,43208.0,,2021,3,True,,,False,2021-03-01,12,True
PT,Portugal,2021-04,80622.0,,2021,4,True,,,False,2021-04-01,12,True
PT,Portugal,2021-05,278791.0,,2021,5,True,,,False,2021-05-01,12,True
PT,Portugal,2021-06,444873.0,,2021,6,True,,,False,2021-06-01,12,True
PT,Portugal,2021-07,621981.0,,2021,7,True,,,False,2021-07-01,12,True
PT,Portugal,2021-08,1083784.0,,2021,8,True,,,False,2021-08-01,12,True
PT,Portugal,2021-09,985922.0,,2021,9,True,,,False,2021-09-01,12,True
PT,Portugal,2021-10,1129703.0,,2021,10,True,,,False,2021-10-01,12,True
PT,Portugal,2021-11,724572.0,,2021,11,True,,,False,2021-11-01,12,True
PT,Portugal,2021-12,455231.0,,2021,12,True,,,False,2021-12-01,12,True
PT,Portugal,2022-01,330872.0,,2022,1,True,,,False,2022-01-01,12,True
PT,Portugal,2022-02,573390.0,,2022,2,True,,,False,2022-02-01,12,True
PT,Portugal,2022-03,853706.0,,2022,3,True,,,False,2022-03-01,12,True
PT,Portugal,2022-04,1360625.0,,2022,4,True,,,False,2022-04-01,12,True
PT,Portugal,2022-05,1589166.0,,2022,5,True,,,False,2022-05-01,12,True
PT,Portugal,2022-06,1574171.0,,2022,6,True,,,False,2022-06-01,12,True
PT,Portugal,2022-07,1864425.0,,2022,7,True,,,False,2022-07-01,12,True
PT,Portugal,2022-08,2031451.0,,2022,8,True,,,False,2022-08-01,12,True
PT,Portugal,2022-09,1795265.0,,2022,9,True,,,False,2022-09-01,12,True
PT,Portugal,2022-10,1624914.0,,2022,10,True,,,False,2022-10-01,12,True
PT,Portugal,2022-11,954553.0,,2022,11,True,,,False,2022-11-01,12,True
PT,Portugal,2022-12,775486.0,,2022,12,True,,,False,2022-12-01,12,True
PT,Portugal,2023-01,738210.0,,2023,1,True,,,False,2023-01-01,12,True
PT,Portugal,2023-02,864812.0,,2023,2,True,,,False,2023-02-01,12,True
PT,Portugal,2023-03,1206015.0,,2023,3,True,,,False,2023-03-01,12,True
PT,Portugal,2023-04,1676942.0,,2023,4,True,,,False,2023-04-01,12,True
PT,Portugal,2023-05,1895731.0,,2023,5,True,,,False,2023-05-01,12,True
PT,Portugal,2023-06,1783778.0,,2023,6,True,,,False,2023-06-01,12,True
PT,Portugal,2023-07,1963576.0,,2023,7,True,,,False,2023-07-01,12,True
PT,Portugal,2023-08,2212661.0,,2023,8,True,,,False,2023-08-01,12,True
PT,Portugal,2023-09,2049445.0,,2023,9,True,,,False,2023-09-01,12,True
PT,Portugal,2023-10,1867043.0,,2023,10,True,,,False,2023-10-01,12,True
PT,Portugal,2023-11,1081722.0,,2023,11,True,,,False,2023-11-01,12,True
PT,Portugal,2023-12,862065.0,,2023,12,True,,,False,2023-12-01,12,True
PT,Portugal,2024-01,764648.0,,2024,1,True,,,False,2024-01-01,12,True
PT,Portugal,2024-02,956424.0,,2024,2,True,,,False,2024-02-01,12,True
PT,Portugal,2024-03,1392882.0,,2024,3,True,,,False,2024-03-01,12,True
PT,Portugal,2024-04,1680834.0,,2024,4,True,,,False,2024-04-01,12,True
PT,Portugal,2024-05,2080148.0,,2024,5,True,,,False,2024-05-01,12,True
PT,Portugal,2024-06,1893060.0,,2024,6,True,,,False,2024-06-01,12,True
PT,Portugal,2024-07,2065935.0,,2024,7,True,,,False,2024-07-01,12,True
PT,Portugal,2024-08,2321237.0,,2024,8,True,,,False,2024-08-01,12,True
PT,Portugal,2024-09,2152200.0,,2024,9,True,,,False,2024-09-01,12,True
PT,Portugal,2024-10,1932928.0,,2024,10,True,,,False,2024-10-01,12,True
PT,Portugal,2024-11,1170754.0,,2024,11,True,,,False,2024-11-01,12,True
PT,Portugal,2024-12,915840.0,,2024,12,True,,,False,2024-12-01,12,True
PT,Portugal,2025-01,808645.0,,2025,1,True,,,False,2025-01-01,12,True
PT,Portugal,2025-02,931668.0,,2025,2,True,,,False,2025-02-01,12,True
PT,Portugal,2025-03,1325908.0,,2025,3,True,,,False,2025-03-01,12,True
PT,Portugal,2025-04,1795195.0,,2025,4,True,,,False,2025-04-01,12,True
PT,Portugal,2025-05,2102917.0,,2025,5,True,,,False,2025-05-01,12,True
PT,Portugal,2025-06,1954704.0,,2025,6,True,,,False,2025-06-01,12,True
PT,Portugal,2025-07,2124456.0,,2025,7,True,,,False,2025-07-01,12,True
PT,Portugal,2025-08,2296857.0,,2025,8,True,,,False,2025-08-01,12,True
PT,Portugal,2025-09,2134453.0,,2025,9,True,,,False,2025-09-01,12,True
PT,Portugal,2025-10,1998697.0,,2025,10,True,,,False,2025-10-01,12,True
PT,Portugal,2025-11,1174833.0,,2025,11,True,,,False,2025-11-01,12,True
PT,Portugal,2025-12,925741.0,,2025,12,True,,,False,2025-12-01,12,True
PT,Portugal,2026-01,821549.0,,2026,1,True,,,False,2026-01-01,4,False
PT,Portugal,2026-02,,,2026,2,False,,,False,2026-02-01,4,False
PT,Portugal,2026-03,,,2026,3,False,,,False,2026-03-01,4,False
PT,Portugal,2026-04,1829441.0,,2026,4,True,,,False,2026-04-01,4,False
PT,Portugal,2026-05,2123753.0,,2026,5,True,,,False,2026-05-01,4,False
PT,Portugal,2026-06,1920787.0,,2026,6,True,,,False,2026-06-01,4,False
PT,Portugal,2026-07,,,2026,7,False,,,False,2026-07-01,4,False
RO,Romania,2021-01,19696.0,,2021,1,True,,,False,2021-01-01,12,True
RO,Romania,2021-02,20876.0,,2021,2,True,,,False,2021-02-01,12,True
RO,Romania,2021-03,25450.0,,2021,3,True,,,False,2021-03-01,12,True
RO,Romania,2021-04,25106.0,,2021,4,True,,,False,2021-04-01,12,True
RO,Romania,2021-05,37838.0,,2021,5,True,,,False,2021-05-01,12,True
RO,Romania,2021-06,72868.0,,2021,6,True,,,False,2021-06-01,12,True
RO,Romania,2021-07,133323.0,,2021,7,True,,,False,2021-07-01,12,True
RO,Romania,2021-08,158854.0,,2021,8,True,,,False,2021-08-01,12,True
RO,Romania,2021-09,146565.0,,2021,9,True,,,False,2021-09-01,12,True
RO,Romania,2021-10,103173.0,,2021,10,True,,,False,2021-10-01,12,True
RO,Romania,2021-11,70395.0,,2021,11,True,,,False,2021-11-01,12,True
RO,Romania,2021-12,58493.0,,2021,12,True,,,False,2021-12-01,12,True
RO,Romania,2022-01,54522.0,,2022,1,True,,,False,2022-01-01,12,True
RO,Romania,2022-02,72314.0,,2022,2,True,,,False,2022-02-01,12,True
RO,Romania,2022-03,114836.0,,2022,3,True,,,False,2022-03-01,12,True
RO,Romania,2022-04,108442.0,,2022,4,True,,,False,2022-04-01,12,True
RO,Romania,2022-05,147727.0,,2022,5,True,,,False,2022-05-01,12,True
RO,Romania,2022-06,160150.0,,2022,6,True,,,False,2022-06-01,12,True
RO,Romania,2022-07,187425.0,,2022,7,True,,,False,2022-07-01,12,True
RO,Romania,2022-08,199334.0,,2022,8,True,,,False,2022-08-01,12,True
RO,Romania,2022-09,180299.0,,2022,9,True,,,False,2022-09-01,12,True
RO,Romania,2022-10,164736.0,,2022,10,True,,,False,2022-10-01,12,True
RO,Romania,2022-11,135829.0,,2022,11,True,,,False,2022-11-01,12,True
RO,Romania,2022-12,134921.0,,2022,12,True,,,False,2022-12-01,12,True
RO,Romania,2023-01,121743.0,,2023,1,True,,,False,2023-01-01,12,True
RO,Romania,2023-02,116716.0,,2023,2,True,,,False,2023-02-01,12,True
RO,Romania,2023-03,142674.0,,2023,3,True,,,False,2023-03-01,12,True
RO,Romania,2023-04,153544.0,,2023,4,True,,,False,2023-04-01,12,True
RO,Romania,2023-05,195734.0,,2023,5,True,,,False,2023-05-01,12,True
RO,Romania,2023-06,200237.0,,2023,6,True,,,False,2023-06-01,12,True
RO,Romania,2023-07,234875.0,,2023,7,True,,,False,2023-07-01,12,True
RO,Romania,2023-08,245382.0,,2023,8,True,,,False,2023-08-01,12,True
RO,Romania,2023-09,218985.0,,2023,9,True,,,False,2023-09-01,12,True
RO,Romania,2023-10,188613.0,,2023,10,True,,,False,2023-10-01,12,True
RO,Romania,2023-11,143064.0,,2023,11,True,,,False,2023-11-01,12,True
RO,Romania,2023-12,139689.0,,2023,12,True,,,False,2023-12-01,12,True
RO,Romania,2024-01,120221.0,,2024,1,True,,,False,2024-01-01,12,True
RO,Romania,2024-02,132105.0,,2024,2,True,,,False,2024-02-01,12,True
RO,Romania,2024-03,162447.0,,2024,3,True,,,False,2024-03-01,12,True
RO,Romania,2024-04,182464.0,,2024,4,True,,,False,2024-04-01,12,True
RO,Romania,2024-05,223682.0,,2024,5,True,,,False,2024-05-01,12,True
RO,Romania,2024-06,231752.0,,2024,6,True,,,False,2024-06-01,12,True
RO,Romania,2024-07,260456.0,,2024,7,True,,,False,2024-07-01,12,True
RO,Romania,2024-08,278385.0,,2024,8,True,,,False,2024-08-01,12,True
RO,Romania,2024-09,246362.0,,2024,9,True,,,False,2024-09-01,12,True
RO,Romania,2024-10,215830.0,,2024,10,True,,,False,2024-10-01,12,True
RO,Romania,2024-11,174053.0,,2024,11,True,,,False,2024-11-01,12,True
RO,Romania,2024-12,157107.0,,2024,12,True,,,False,2024-12-01,12,True
RO,Romania,2025-01,134266.0,,2025,1,True,,,False,2025-01-01,12,True
RO,Romania,2025-02,134430.0,,2025,2,True,,,False,2025-02-01,12,True
RO,Romania,2025-03,167397.0,,2025,3,True,,,False,2025-03-01,12,True
RO,Romania,2025-04,186744.0,,2025,4,True,,,False,2025-04-01,12,True
RO,Romania,2025-05,239462.0,,2025,5,True,,,False,2025-05-01,12,True
RO,Romania,2025-06,248562.0,,2025,6,True,,,False,2025-06-01,12,True
RO,Romania,2025-07,261886.0,,2025,7,True,,,False,2025-07-01,12,True
RO,Romania,2025-08,298146.0,,2025,8,True,,,False,2025-08-01,12,True
RO,Romania,2025-09,273744.0,,2025,9,True,,,False,2025-09-01,12,True
RO,Romania,2025-10,253097.0,,2025,10,True,,,False,2025-10-01,12,True
RO,Romania,2025-11,190904.0,,2025,11,True,,,False,2025-11-01,12,True
RO,Romania,2025-12,198602.0,,2025,12,True,,,False,2025-12-01,12,True
RO,Romania,2026-01,144893.0,,2026,1,True,,,False,2026-01-01,6,False
RO,Romania,2026-02,143814.0,,2026,2,True,,,False,2026-02-01,6,False
RO,Romania,2026-03,169202.0,,2026,3,True,,,False,2026-03-01,6,False
RO,Romania,2026-04,183321.0,,2026,4,True,,,False,2026-04-01,6,False
RO,Romania,2026-05,278163.0,,2026,5,True,,,False,2026-05-01,6,False
RO,Romania,2026-06,272202.0,,2026,6,True,,,False,2026-06-01,6,False
RO,Romania,2026-07,,,2026,7,False,,,False,2026-07-01,6,False
SK,Slovakia,2021-01,5124.0,,2021,1,True,,,False,2021-01-01,12,True
SK,Slovakia,2021-02,5122.0,,2021,2,True,,,False,2021-02-01,12,True
SK,Slovakia,2021-03,5837.0,,2021,3,True,,,False,2021-03-01,12,True
SK,Slovakia,2021-04,6780.0,,2021,4,True,,,False,2021-04-01,12,True
SK,Slovakia,2021-05,15891.0,,2021,5,True,,,False,2021-05-01,12,True
SK,Slovakia,2021-06,46370.0,,2021,6,True,,,False,2021-06-01,12,True
SK,Slovakia,2021-07,96752.0,,2021,7,True,,,False,2021-07-01,12,True
SK,Slovakia,2021-08,125994.0,,2021,8,True,,,False,2021-08-01,12,True
SK,Slovakia,2021-09,113096.0,,2021,9,True,,,False,2021-09-01,12,True
SK,Slovakia,2021-10,80657.0,,2021,10,True,,,False,2021-10-01,12,True
SK,Slovakia,2021-11,41491.0,,2021,11,True,,,False,2021-11-01,12,True
SK,Slovakia,2021-12,19700.0,,2021,12,True,,,False,2021-12-01,12,True
SK,Slovakia,2022-01,46855.0,,2022,1,True,,,False,2022-01-01,12,True
SK,Slovakia,2022-02,70595.0,,2022,2,True,,,False,2022-02-01,12,True
SK,Slovakia,2022-03,85246.0,,2022,3,True,,,False,2022-03-01,12,True
SK,Slovakia,2022-04,95113.0,,2022,4,True,,,False,2022-04-01,12,True
SK,Slovakia,2022-05,123260.0,,2022,5,True,,,False,2022-05-01,12,True
SK,Slovakia,2022-06,154088.0,,2022,6,True,,,False,2022-06-01,12,True
SK,Slovakia,2022-07,211510.0,,2022,7,True,,,False,2022-07-01,12,True
SK,Slovakia,2022-08,223142.0,,2022,8,True,,,False,2022-08-01,12,True
SK,Slovakia,2022-09,163635.0,,2022,9,True,,,False,2022-09-01,12,True
SK,Slovakia,2022-10,152348.0,,2022,10,True,,,False,2022-10-01,12,True
SK,Slovakia,2022-11,113902.0,,2022,11,True,,,False,2022-11-01,12,True
SK,Slovakia,2022-12,116130.0,,2022,12,True,,,False,2022-12-01,12,True
SK,Slovakia,2023-01,119699.0,,2023,1,True,,,False,2023-01-01,12,True
SK,Slovakia,2023-02,134833.0,,2023,2,True,,,False,2023-02-01,12,True
SK,Slovakia,2023-03,136847.0,,2023,3,True,,,False,2023-03-01,12,True
SK,Slovakia,2023-04,147520.0,,2023,4,True,,,False,2023-04-01,12,True
SK,Slovakia,2023-05,169325.0,,2023,5,True,,,False,2023-05-01,12,True
SK,Slovakia,2023-06,190271.0,,2023,6,True,,,False,2023-06-01,12,True
SK,Slovakia,2023-07,256458.0,,2023,7,True,,,False,2023-07-01,12,True
SK,Slovakia,2023-08,262277.0,,2023,8,True,,,False,2023-08-01,12,True
SK,Slovakia,2023-09,199735.0,,2023,9,True,,,False,2023-09-01,12,True
SK,Slovakia,2023-10,152483.0,,2023,10,True,,,False,2023-10-01,12,True
SK,Slovakia,2023-11,121626.0,,2023,11,True,,,False,2023-11-01,12,True
SK,Slovakia,2023-12,130886.0,,2023,12,True,,,False,2023-12-01,12,True
SK,Slovakia,2024-01,130946.0,,2024,1,True,,,False,2024-01-01,12,True
SK,Slovakia,2024-02,150862.0,,2024,2,True,,,False,2024-02-01,12,True
SK,Slovakia,2024-03,141852.0,,2024,3,True,,,False,2024-03-01,12,True
SK,Slovakia,2024-04,137238.0,,2024,4,True,,,False,2024-04-01,12,True
SK,Slovakia,2024-05,183462.0,,2024,5,True,,,False,2024-05-01,12,True
SK,Slovakia,2024-06,196223.0,,2024,6,True,,,False,2024-06-01,12,True
SK,Slovakia,2024-07,253398.0,,2024,7,True,,,False,2024-07-01,12,True
SK,Slovakia,2024-08,264740.0,,2024,8,True,,,False,2024-08-01,12,True
SK,Slovakia,2024-09,184311.0,,2024,9,True,,,False,2024-09-01,12,True
SK,Slovakia,2024-10,173502.0,,2024,10,True,,,False,2024-10-01,12,True
SK,Slovakia,2024-11,135137.0,,2024,11,True,,,False,2024-11-01,12,True
SK,Slovakia,2024-12,148489.0,,2024,12,True,,,False,2024-12-01,12,True
SK,Slovakia,2025-01,149200.0,,2025,1,True,,,False,2025-01-01,12,True
SK,Slovakia,2025-02,161435.0,,2025,2,True,,,False,2025-02-01,12,True
SK,Slovakia,2025-03,139935.0,,2025,3,True,,,False,2025-03-01,12,True
SK,Slovakia,2025-04,154540.0,,2025,4,True,,,False,2025-04-01,12,True
SK,Slovakia,2025-05,192560.0,,2025,5,True,,,False,2025-05-01,12,True
SK,Slovakia,2025-06,225249.0,,2025,6,True,,,False,2025-06-01,12,True
SK,Slovakia,2025-07,256276.0,,2025,7,True,,,False,2025-07-01,12,True
SK,Slovakia,2025-08,310028.0,,2025,8,True,,,False,2025-08-01,12,True
SK,Slovakia,2025-09,213334.0,,2025,9,True,,,False,2025-09-01,12,True
SK,Slovakia,2025-10,194681.0,,2025,10,True,,,False,2025-10-01,12,True
SK,Slovakia,2025-11,156445.0,,2025,11,True,,,False,2025-11-01,12,True
SK,Slovakia,2025-12,184950.0,,2025,12,True,,,False,2025-12-01,12,True
SK,Slovakia,2026-01,172925.0,,2026,1,True,,,False,2026-01-01,6,False
SK,Slovakia,2026-02,184649.0,,2026,2,True,,,False,2026-02-01,6,False
SK,Slovakia,2026-03,161331.0,,2026,3,True,,,False,2026-03-01,6,False
SK,Slovakia,2026-04,174899.0,,2026,4,True,,,False,2026-04-01,6,False
SK,Slovakia,2026-05,215541.0,,2026,5,True,,,False,2026-05-01,6,False
SK,Slovakia,2026-06,225249.0,,2026,6,True,,,False,2026-06-01,6,False
SK,Slovakia,2026-07,,,2026,7,False,,,False,2026-07-01,6,False
SI,Slovenia,2021-01,5629.0,,2021,1,True,,,False,2021-01-01,12,True
SI,Slovenia,2021-02,8596.0,,2021,2,True,,,False,2021-02-01,12,True
SI,Slovenia,2021-03,12647.0,,2021,3,True,,,False,2021-03-01,12,True
SI,Slovenia,2021-04,8621.0,,2021,4,True,,,False,2021-04-01,12,True
SI,Slovenia,2021-05,33672.0,,2021,5,True,,,False,2021-05-01,12,True
SI,Slovenia,2021-06,125337.0,,2021,6,True,,,False,2021-06-01,12,True
SI,Slovenia,2021-07,406448.0,,2021,7,True,,,False,2021-07-01,12,True
SI,Slovenia,2021-08,583141.0,,2021,8,True,,,False,2021-08-01,12,True
SI,Slovenia,2021-09,327862.0,,2021,9,True,,,False,2021-09-01,12,True
SI,Slovenia,2021-10,161176.0,,2021,10,True,,,False,2021-10-01,12,True
SI,Slovenia,2021-11,72576.0,,2021,11,True,,,False,2021-11-01,12,True
SI,Slovenia,2021-12,82184.0,,2021,12,True,,,False,2021-12-01,12,True
SI,Slovenia,2022-01,94048.0,,2022,1,True,,,False,2022-01-01,12,True
SI,Slovenia,2022-02,105108.0,,2022,2,True,,,False,2022-02-01,12,True
SI,Slovenia,2022-03,127233.0,,2022,3,True,,,False,2022-03-01,12,True
SI,Slovenia,2022-04,218281.0,,2022,4,True,,,False,2022-04-01,12,True
SI,Slovenia,2022-05,273117.0,,2022,5,True,,,False,2022-05-01,12,True
SI,Slovenia,2022-06,442692.0,,2022,6,True,,,False,2022-06-01,12,True
SI,Slovenia,2022-07,765438.0,,2022,7,True,,,False,2022-07-01,12,True
SI,Slovenia,2022-08,855735.0,,2022,8,True,,,False,2022-08-01,12,True
SI,Slovenia,2022-09,454473.0,,2022,9,True,,,False,2022-09-01,12,True
SI,Slovenia,2022-10,268851.0,,2022,10,True,,,False,2022-10-01,12,True
SI,Slovenia,2022-11,140220.0,,2022,11,True,,,False,2022-11-01,12,True
SI,Slovenia,2022-12,183722.0,,2022,12,True,,,False,2022-12-01,12,True
SI,Slovenia,2023-01,176905.0,,2023,1,True,,,False,2023-01-01,12,True
SI,Slovenia,2023-02,163290.0,,2023,2,True,,,False,2023-02-01,12,True
SI,Slovenia,2023-03,165274.0,,2023,3,True,,,False,2023-03-01,12,True
SI,Slovenia,2023-04,323943.0,,2023,4,True,,,False,2023-04-01,12,True
SI,Slovenia,2023-05,393140.0,,2023,5,True,,,False,2023-05-01,12,True
SI,Slovenia,2023-06,533597.0,,2023,6,True,,,False,2023-06-01,12,True
SI,Slovenia,2023-07,875543.0,,2023,7,True,,,False,2023-07-01,12,True
SI,Slovenia,2023-08,837612.0,,2023,8,True,,,False,2023-08-01,12,True
SI,Slovenia,2023-09,516966.0,,2023,9,True,,,False,2023-09-01,12,True
SI,Slovenia,2023-10,294265.0,,2023,10,True,,,False,2023-10-01,12,True
SI,Slovenia,2023-11,155553.0,,2023,11,True,,,False,2023-11-01,12,True
SI,Slovenia,2023-12,215864.0,,2023,12,True,,,False,2023-12-01,12,True
SI,Slovenia,2024-01,175917.0,,2024,1,True,,,False,2024-01-01,12,True
SI,Slovenia,2024-02,176701.0,,2024,2,True,,,False,2024-02-01,12,True
SI,Slovenia,2024-03,228029.0,,2024,3,True,,,False,2024-03-01,12,True
SI,Slovenia,2024-04,289137.0,,2024,4,True,,,False,2024-04-01,12,True
SI,Slovenia,2024-05,469774.0,,2024,5,True,,,False,2024-05-01,12,True
SI,Slovenia,2024-06,530566.0,,2024,6,True,,,False,2024-06-01,12,True
SI,Slovenia,2024-07,872510.0,,2024,7,True,,,False,2024-07-01,12,True
SI,Slovenia,2024-08,994257.0,,2024,8,True,,,False,2024-08-01,12,True
SI,Slovenia,2024-09,534307.0,,2024,9,True,,,False,2024-09-01,12,True
SI,Slovenia,2024-10,338301.0,,2024,10,True,,,False,2024-10-01,12,True
SI,Slovenia,2024-11,202236.0,,2024,11,True,,,False,2024-11-01,12,True
SI,Slovenia,2024-12,234471.0,,2024,12,True,,,False,2024-12-01,12,True
SI,Slovenia,2025-01,199136.0,,2025,1,True,,,False,2025-01-01,12,True
SI,Slovenia,2025-02,178417.0,,2025,2,True,,,False,2025-02-01,12,True
SI,Slovenia,2025-03,195256.0,,2025,3,True,,,False,2025-03-01,12,True
SI,Slovenia,2025-04,378711.0,,2025,4,True,,,False,2025-04-01,12,True
SI,Slovenia,2025-05,486664.0,,2025,5,True,,,False,2025-05-01,12,True
SI,Slovenia,2025-06,637504.0,,2025,6,True,,,False,2025-06-01,12,True
SI,Slovenia,2025-07,913249.0,,2025,7,True,,,False,2025-07-01,12,True
SI,Slovenia,2025-08,1035136.0,,2025,8,True,,,False,2025-08-01,12,True
SI,Slovenia,2025-09,604121.0,,2025,9,True,,,False,2025-09-01,12,True
SI,Slovenia,2025-10,374156.0,,2025,10,True,,,False,2025-10-01,12,True
SI,Slovenia,2025-11,196022.0,,2025,11,True,,,False,2025-11-01,12,True
SI,Slovenia,2025-12,264820.0,,2025,12,True,,,False,2025-12-01,12,True
SI,Slovenia,2026-01,218073.0,,2026,1,True,,,False,2026-01-01,7,False
SI,Slovenia,2026-02,184892.0,,2026,2,True,,,False,2026-02-01,7,False
SI,Slovenia,2026-03,221465.0,,2026,3,True,,,False,2026-03-01,7,False
SI,Slovenia,2026-04,370630.0,,2026,4,True,,,False,2026-04-01,7,False
SI,Slovenia,2026-05,550589.0,,2026,5,True,,,False,2026-05-01,7,False
SI,Slovenia,2026-06,651485.0,,2026,6,True,,,False,2026-06-01,7,False
SI,Slovenia,2026-07,1012932.0,,2026,7,True,,,False,2026-07-01,7,False
ES,Spain,2021-01,288388.0,,2021,1,True,,,False,2021-01-01,12,True
ES,Spain,2021-02,239758.0,,2021,2,True,,,False,2021-02-01,12,True
ES,Spain,2021-03,370760.0,,2021,3,True,,,False,2021-03-01,12,True
ES,Spain,2021-04,482052.0,,2021,4,True,,,False,2021-04-01,12,True
ES,Spain,2021-05,1004906.0,,2021,5,True,,,False,2021-05-01,12,True
ES,Spain,2021-06,1828688.0,,2021,6,True,,,False,2021-06-01,12,True
ES,Spain,2021-07,3604850.0,,2021,7,True,,,False,2021-07-01,12,True
ES,Spain,2021-08,4497640.0,,2021,8,True,,,False,2021-08-01,12,True
ES,Spain,2021-09,4161677.0,,2021,9,True,,,False,2021-09-01,12,True
ES,Spain,2021-10,4367909.0,,2021,10,True,,,False,2021-10-01,12,True
ES,Spain,2021-11,2673718.0,,2021,11,True,,,False,2021-11-01,12,True
ES,Spain,2021-12,2150232.0,,2021,12,True,,,False,2021-12-01,12,True
ES,Spain,2022-01,1835468.0,,2022,1,True,,,False,2022-01-01,12,True
ES,Spain,2022-02,2484205.0,,2022,2,True,,,False,2022-02-01,12,True
ES,Spain,2022-03,3251622.0,,2022,3,True,,,False,2022-03-01,12,True
ES,Spain,2022-04,4938666.0,,2022,4,True,,,False,2022-04-01,12,True
ES,Spain,2022-05,6548356.0,,2022,5,True,,,False,2022-05-01,12,True
ES,Spain,2022-06,6970624.0,,2022,6,True,,,False,2022-06-01,12,True
ES,Spain,2022-07,8131303.0,,2022,7,True,,,False,2022-07-01,12,True
ES,Spain,2022-08,8257380.0,,2022,8,True,,,False,2022-08-01,12,True
ES,Spain,2022-09,7361628.0,,2022,9,True,,,False,2022-09-01,12,True
ES,Spain,2022-10,6237811.0,,2022,10,True,,,False,2022-10-01,12,True
ES,Spain,2022-11,3384516.0,,2022,11,True,,,False,2022-11-01,12,True
ES,Spain,2022-12,3068847.0,,2022,12,True,,,False,2022-12-01,12,True
ES,Spain,2023-01,3003778.0,,2023,1,True,,,False,2023-01-01,12,True
ES,Spain,2023-02,3262461.0,,2023,2,True,,,False,2023-02-01,12,True
ES,Spain,2023-03,4175611.0,,2023,3,True,,,False,2023-03-01,12,True
ES,Spain,2023-04,6098431.0,,2023,4,True,,,False,2023-04-01,12,True
ES,Spain,2023-05,7576564.0,,2023,5,True,,,False,2023-05-01,12,True
ES,Spain,2023-06,7572865.0,,2023,6,True,,,False,2023-06-01,12,True
ES,Spain,2023-07,8659747.0,,2023,7,True,,,False,2023-07-01,12,True
ES,Spain,2023-08,8976492.0,,2023,8,True,,,False,2023-08-01,12,True
ES,Spain,2023-09,8205646.0,,2023,9,True,,,False,2023-09-01,12,True
ES,Spain,2023-10,7126207.0,,2023,10,True,,,False,2023-10-01,12,True
ES,Spain,2023-11,3952252.0,,2023,11,True,,,False,2023-11-01,12,True
ES,Spain,2023-12,3530388.0,,2023,12,True,,,False,2023-12-01,12,True
ES,Spain,2024-01,3401377.0,,2024,1,True,,,False,2024-01-01,12,True
ES,Spain,2024-02,3801075.0,,2024,2,True,,,False,2024-02-01,12,True
ES,Spain,2024-03,4967096.0,,2024,3,True,,,False,2024-03-01,12,True
ES,Spain,2024-04,6484839.0,,2024,4,True,,,False,2024-04-01,12,True
ES,Spain,2024-05,8612946.0,,2024,5,True,,,False,2024-05-01,12,True
ES,Spain,2024-06,8080021.0,,2024,6,True,,,False,2024-06-01,12,True
ES,Spain,2024-07,8977621.0,,2024,7,True,,,False,2024-07-01,12,True
ES,Spain,2024-08,9405910.0,,2024,8,True,,,False,2024-08-01,12,True
ES,Spain,2024-09,8517240.0,,2024,9,True,,,False,2024-09-01,12,True
ES,Spain,2024-10,7647283.0,,2024,10,True,,,False,2024-10-01,12,True
ES,Spain,2024-11,4162787.0,,2024,11,True,,,False,2024-11-01,12,True
ES,Spain,2024-12,3596086.0,,2024,12,True,,,False,2024-12-01,12,True
ES,Spain,2025-01,3518108.0,,2025,1,True,,,False,2025-01-01,12,True
ES,Spain,2025-02,3858204.0,,2025,2,True,,,False,2025-02-01,12,True
ES,Spain,2025-03,4813945.0,,2025,3,True,,,False,2025-03-01,12,True
ES,Spain,2025-04,6785596.0,,2025,4,True,,,False,2025-04-01,12,True
ES,Spain,2025-05,8597723.0,,2025,5,True,,,False,2025-05-01,12,True
ES,Spain,2025-06,8552215.0,,2025,6,True,,,False,2025-06-01,12,True
ES,Spain,2025-07,9342415.0,,2025,7,True,,,False,2025-07-01,12,True
ES,Spain,2025-08,9619939.0,,2025,8,True,,,False,2025-08-01,12,True
ES,Spain,2025-09,8719074.0,,2025,9,True,,,False,2025-09-01,12,True
ES,Spain,2025-10,7828340.0,,2025,10,True,,,False,2025-10-01,12,True
ES,Spain,2025-11,4440148.0,,2025,11,True,,,False,2025-11-01,12,True
ES,Spain,2025-12,3919652.0,,2025,12,True,,,False,2025-12-01,12,True
ES,Spain,2026-01,3723518.0,,2026,1,True,,,False,2026-01-01,6,False
ES,Spain,2026-02,4077317.0,,2026,2,True,,,False,2026-02-01,6,False
ES,Spain,2026-03,5165594.0,,2026,3,True,,,False,2026-03-01,6,False
ES,Spain,2026-04,6864786.0,,2026,4,True,,,False,2026-04-01,6,False
ES,Spain,2026-05,8980179.0,,2026,5,True,,,False,2026-05-01,6,False
ES,Spain,2026-06,8390370.0,,2026,6,True,,,False,2026-06-01,6,False
ES,Spain,2026-07,,,2026,7,False,,,False,2026-07-01,6,False
SE,Sweden,2021-01,58206.0,,2021,1,True,,,False,2021-01-01,12,True
SE,Sweden,2021-02,63721.0,,2021,2,True,,,False,2021-02-01,12,True
SE,Sweden,2021-03,68991.0,,2021,3,True,,,False,2021-03-01,12,True
SE,Sweden,2021-04,72536.0,,2021,4,True,,,False,2021-04-01,12,True
SE,Sweden,2021-05,94703.0,,2021,5,True,,,False,2021-05-01,12,True
SE,Sweden,2021-06,186001.0,,2021,6,True,,,False,2021-06-01,12,True
SE,Sweden,2021-07,618838.0,,2021,7,True,,,False,2021-07-01,12,True
SE,Sweden,2021-08,660695.0,,2021,8,True,,,False,2021-08-01,12,True
SE,Sweden,2021-09,297368.0,,2021,9,True,,,False,2021-09-01,12,True
SE,Sweden,2021-10,293267.0,,2021,10,True,,,False,2021-10-01,12,True
SE,Sweden,2021-11,253629.0,,2021,11,True,,,False,2021-11-01,12,True
SE,Sweden,2021-12,225750.0,,2021,12,True,,,False,2021-12-01,12,True
SE,Sweden,2022-01,159939.0,,2022,1,True,,,False,2022-01-01,12,True
SE,Sweden,2022-02,242433.0,,2022,2,True,,,False,2022-02-01,12,True
SE,Sweden,2022-03,286954.0,,2022,3,True,,,False,2022-03-01,12,True
SE,Sweden,2022-04,368081.0,,2022,4,True,,,False,2022-04-01,12,True
SE,Sweden,2022-05,484284.0,,2022,5,True,,,False,2022-05-01,12,True
SE,Sweden,2022-06,828937.0,,2022,6,True,,,False,2022-06-01,12,True
SE,Sweden,2022-07,1538943.0,,2022,7,True,,,False,2022-07-01,12,True
SE,Sweden,2022-08,1060820.0,,2022,8,True,,,False,2022-08-01,12,True
SE,Sweden,2022-09,476332.0,,2022,9,True,,,False,2022-09-01,12,True
SE,Sweden,2022-10,381541.0,,2022,10,True,,,False,2022-10-01,12,True
SE,Sweden,2022-11,299088.0,,2022,11,True,,,False,2022-11-01,12,True
SE,Sweden,2022-12,314832.0,,2022,12,True,,,False,2022-12-01,12,True
SE,Sweden,2023-01,282906.0,,2023,1,True,,,False,2023-01-01,12,True
SE,Sweden,2023-02,338046.0,,2023,2,True,,,False,2023-02-01,12,True
SE,Sweden,2023-03,361917.0,,2023,3,True,,,False,2023-03-01,12,True
SE,Sweden,2023-04,396704.0,,2023,4,True,,,False,2023-04-01,12,True
SE,Sweden,2023-05,567669.0,,2023,5,True,,,False,2023-05-01,12,True
SE,Sweden,2023-06,888529.0,,2023,6,True,,,False,2023-06-01,12,True
SE,Sweden,2023-07,1670453.0,,2023,7,True,,,False,2023-07-01,12,True
SE,Sweden,2023-08,1139104.0,,2023,8,True,,,False,2023-08-01,12,True
SE,Sweden,2023-09,539715.0,,2023,9,True,,,False,2023-09-01,12,True
SE,Sweden,2023-10,424753.0,,2023,10,True,,,False,2023-10-01,12,True
SE,Sweden,2023-11,336666.0,,2023,11,True,,,False,2023-11-01,12,True
SE,Sweden,2023-12,376233.0,,2023,12,True,,,False,2023-12-01,12,True
SE,Sweden,2024-01,329364.0,,2024,1,True,,,False,2024-01-01,12,True
SE,Sweden,2024-02,413610.0,,2024,2,True,,,False,2024-02-01,12,True
SE,Sweden,2024-03,459537.0,,2024,3,True,,,False,2024-03-01,12,True
SE,Sweden,2024-04,426833.0,,2024,4,True,,,False,2024-04-01,12,True
SE,Sweden,2024-05,698856.0,,2024,5,True,,,False,2024-05-01,12,True
SE,Sweden,2024-06,1010711.0,,2024,6,True,,,False,2024-06-01,12,True
SE,Sweden,2024-07,1712438.0,,2024,7,True,,,False,2024-07-01,12,True
SE,Sweden,2024-08,1273275.0,,2024,8,True,,,False,2024-08-01,12,True
SE,Sweden,2024-09,629710.0,,2024,9,True,,,False,2024-09-01,12,True
SE,Sweden,2024-10,518067.0,,2024,10,True,,,False,2024-10-01,12,True
SE,Sweden,2024-11,415136.0,,2024,11,True,,,False,2024-11-01,12,True
SE,Sweden,2024-12,454494.0,,2024,12,True,,,False,2024-12-01,12,True
SE,Sweden,2025-01,328893.0,,2025,1,True,,,False,2025-01-01,12,True
SE,Sweden,2025-02,394225.0,,2025,2,True,,,False,2025-02-01,12,True
SE,Sweden,2025-03,396653.0,,2025,3,True,,,False,2025-03-01,12,True
SE,Sweden,2025-04,466488.0,,2025,4,True,,,False,2025-04-01,12,True
SE,Sweden,2025-05,620898.0,,2025,5,True,,,False,2025-05-01,12,True
SE,Sweden,2025-06,1016165.0,,2025,6,True,,,False,2025-06-01,12,True
SE,Sweden,2025-07,1725525.0,,2025,7,True,,,False,2025-07-01,12,True
SE,Sweden,2025-08,1330478.0,,2025,8,True,,,False,2025-08-01,12,True
SE,Sweden,2025-09,605951.0,,2025,9,True,,,False,2025-09-01,12,True
SE,Sweden,2025-10,487720.0,,2025,10,True,,,False,2025-10-01,12,True
SE,Sweden,2025-11,370637.0,,2025,11,True,,,False,2025-11-01,12,True
SE,Sweden,2025-12,436414.0,,2025,12,True,,,False,2025-12-01,12,True
SE,Sweden,2026-01,338607.0,,2026,1,True,,,False,2026-01-01,6,False
SE,Sweden,2026-02,418404.0,,2026,2,True,,,False,2026-02-01,6,False
SE,Sweden,2026-03,434116.0,,2026,3,True,,,False,2026-03-01,6,False
SE,Sweden,2026-04,483121.0,,2026,4,True,,,False,2026-04-01,6,False
SE,Sweden,2026-05,669969.0,,2026,5,True,,,False,2026-05-01,6,False
SE,Sweden,2026-06,1062111.0,,2026,6,True,,,False,2026-06-01,6,False
SE,Sweden,2026-07,,,2026,7,False,,,False,2026-07-01,6,False
